date,temp,wsp,wdir,rh,P,pp
2025-09-01 00:00:00,11.85,0.0,88.0,92.6,985.7528,0.0
2025-09-01 01:00:00,13.41,0.0,87.9,93.9,985.1422,0.0
2025-09-01 02:00:00,14.41,0.0,339.5,90.6,984.9731,0.0
2025-09-01 03:00:00,14.42,0.0,120.1,90.3,984.8792,0.0
2025-09-01 04:00:00,14.4,0.188,174.3,90.4,984.84,0.0
2025-09-01 05:00:00,14.39,0.079,77.77,89.9,984.899,0.0
2025-09-01 06:00:00,14.35,0.084,180.6,90.4,985.7972,0.0
2025-09-01 07:00:00,14.63,0.205,32.02,89.6,986.3489,0.0
2025-09-01 08:00:00,14.91,0.078,17.15,88.4,986.9212,0.0
2025-09-01 09:00:00,15.42,0.55,317.1,86.5,987.3242,0.0
2025-09-01 10:00:00,15.99,1.429,251.7,85.4,986.9598,0.0
2025-09-01 11:00:00,16.9,1.201,290.1,82.6,986.2024,0.0
2025-09-01 12:00:00,16.9,2.684,276.8,81.6,986.3099,0.0
2025-09-01 13:00:00,17.03,1.07,286.5,81.5,986.1202,0.0
2025-09-01 14:00:00,17.76,2.023,291.3,78.32,985.6841,0.0
2025-09-01 15:00:00,17.33,2.327,344.5,80.3,984.9897,0.0
2025-09-01 16:00:00,15.8,1.458,267.8,85.4,985.3273,0.0
2025-09-01 17:00:00,15.49,1.278,302.8,85.8,985.4077,0.0
2025-09-01 18:00:00,15.2,0.579,275.7,86.6,985.5292,0.0
2025-09-01 19:00:00,14.85,0.345,233.8,87.6,986.093,0.0
2025-09-01 20:00:00,14.82,0.915,268.2,87.9,986.5696,0.0
2025-09-01 21:00:00,14.65,0.62,286.6,87.8,986.6951,0.0
2025-09-01 22:00:00,14.17,0.036,280.9,89.3,986.7899,0.0
2025-09-01 23:00:00,14.61,0.019,280.6,88.8,986.951,0.0
2025-09-02 00:00:00,14.72,0.0,7.616,88.7,986.6077,0.0
2025-09-02 01:00:00,14.61,0.427,263.5,89.1,986.1557,0.0
2025-09-02 02:00:00,14.24,0.271,247.5,90.7,985.8003,0.0
2025-09-02 03:00:00,14.01,0.611,273.5,92.7,985.0836,0.0
2025-09-02 04:00:00,13.7,0.543,218.8,93.1,985.2594,0.0
2025-09-02 05:00:00,13.47,0.092,272.2,94.2,986.0855,0.0
2025-09-02 06:00:00,13.5,0.061,305.2,94.9,986.572,0.0
2025-09-02 07:00:00,13.6,0.732,260.5,95.2,987.5773,0.0
2025-09-02 08:00:00,13.92,0.043,276.2,94.4,987.9218,0.0
2025-09-02 09:00:00,14.81,0.14,143.1,89.7,988.17,0.0
2025-09-02 10:00:00,16.03,1.001,268.0,84.3,988.4321,0.0
2025-09-02 11:00:00,16.75,1.028,273.1,81.2,988.1967,0.0
2025-09-02 12:00:00,19.12,1.495,270.2,74.91,986.971,0.0
2025-09-02 13:00:00,20.46,1.7,343.4,68.66,986.2662,0.0
2025-09-02 14:00:00,19.93,1.895,285.8,68.74,986.0068,0.0
2025-09-02 15:00:00,19.27,2.292,278.1,71.47,985.6801,0.0
2025-09-02 16:00:00,17.48,3.129,273.3,77.0,985.9061,0.0
2025-09-02 17:00:00,16.66,1.643,277.7,81.1,986.4786,0.0
2025-09-02 18:00:00,15.5,0.105,281.5,86.0,987.1975,0.0
2025-09-02 19:00:00,14.51,0.0,285.0,89.3,987.5219,0.0
2025-09-02 20:00:00,15.24,0.827,284.7,88.5,988.0979,0.0
2025-09-02 21:00:00,15.17,0.839,307.9,88.4,988.5325,0.0
2025-09-02 22:00:00,15.24,0.016,282.6,88.6,988.4073,0.0
2025-09-02 23:00:00,14.95,1.262,279.8,89.3,988.6993,0.0
2025-09-03 00:00:00,14.46,0.679,281.2,92.1,988.3097,0.0
2025-09-03 01:00:00,14.43,0.72,273.2,92.4,987.1134,0.0
2025-09-03 02:00:00,14.26,0.377,326.6,92.2,986.5899,0.0
2025-09-03 03:00:00,14.0,0.716,291.2,93.5,986.3073,0.0
2025-09-03 04:00:00,13.85,0.726,283.9,94.7,986.1278,0.0
2025-09-03 05:00:00,13.72,0.807,313.9,95.3,986.2925,0.0
2025-09-03 06:00:00,13.49,0.314,273.1,95.6,986.4987,0.0
2025-09-03 07:00:00,13.46,0.076,247.1,95.7,987.5958,0.0
2025-09-03 08:00:00,13.69,0.572,267.1,95.7,988.6027,0.0
2025-09-03 09:00:00,14.19,0.764,271.9,94.8,989.0156,0.1
2025-09-03 10:00:00,14.87,0.663,266.1,89.9,989.088,0.0
2025-09-03 11:00:00,15.87,0.829,277.4,85.2,988.6824,0.0
2025-09-03 12:00:00,17.0,1.254,220.2,80.6,987.9321,0.0
2025-09-03 13:00:00,16.91,1.342,278.5,80.7,987.3107,0.0
2025-09-03 14:00:00,17.95,1.462,287.4,77.26,986.5956,0.0
2025-09-03 15:00:00,19.15,2.276,261.7,73.98,985.6696,0.0
2025-09-03 16:00:00,18.5,1.423,275.6,74.98,985.4085,0.0
2025-09-03 17:00:00,17.97,0.953,319.2,77.27,985.3572,0.0
2025-09-03 18:00:00,16.51,0.431,318.5,82.4,985.7209,0.0
2025-09-03 19:00:00,15.42,0.215,327.3,85.8,985.996,0.0
2025-09-03 20:00:00,14.86,0.0,12.24,88.0,986.4898,0.0
2025-09-03 21:00:00,14.02,0.0,6.322,89.2,986.8139,0.0
2025-09-03 22:00:00,14.33,0.691,96.7,91.9,987.4343,0.0
2025-09-03 23:00:00,14.89,0.597,72.03,88.3,987.4615,0.0
2025-09-04 00:00:00,14.8,0.087,71.49,88.5,987.0289,0.0
2025-09-04 01:00:00,14.78,0.566,317.6,89.1,986.5041,0.0
2025-09-04 02:00:00,13.79,1.585,253.8,92.6,986.5742,0.0
2025-09-04 03:00:00,13.48,0.213,254.1,94.1,986.5698,0.1
2025-09-04 04:00:00,13.52,0.0,77.11,94.4,986.2896,0.0
2025-09-04 05:00:00,13.61,0.0,206.8,94.5,986.198,0.0
2025-09-04 06:00:00,13.59,0.002,262.2,94.1,986.731,0.0
2025-09-04 07:00:00,13.89,0.0,240.7,94.0,987.4002,0.0
2025-09-04 08:00:00,14.57,0.365,269.2,89.5,988.0609,0.0
2025-09-04 09:00:00,15.55,0.529,266.6,86.0,988.1398,0.0
2025-09-04 10:00:00,16.09,0.774,316.4,83.8,988.5862,0.0
2025-09-04 11:00:00,16.3,0.66,269.5,82.6,988.2194,0.0
2025-09-04 12:00:00,16.78,0.604,247.4,80.8,987.2253,0.0
2025-09-04 13:00:00,17.99,1.078,319.8,76.31,986.3715,0.0
2025-09-04 14:00:00,18.94,1.62,301.4,73.52,985.8845,0.0
2025-09-04 15:00:00,17.95,1.846,311.8,75.42,985.2978,0.0
2025-09-04 16:00:00,17.38,1.527,281.1,77.93,985.1193,0.0
2025-09-04 17:00:00,16.16,1.394,241.2,82.1,985.4523,0.0
2025-09-04 18:00:00,15.42,0.435,291.8,84.9,985.5987,0.0
2025-09-04 19:00:00,15.05,0.239,258.5,86.2,985.7866,0.0
2025-09-04 20:00:00,14.84,0.339,246.0,88.5,986.0347,0.0
2025-09-04 21:00:00,15.04,0.328,274.9,88.7,986.2763,0.0
2025-09-04 22:00:00,15.26,1.253,76.25,86.9,986.2432,0.0
2025-09-04 23:00:00,15.13,0.651,80.6,87.3,986.1544,0.0
2025-09-05 00:00:00,15.0,0.578,126.3,87.7,985.8989,0.0
2025-09-05 01:00:00,15.14,0.0,104.4,87.1,985.507,0.0
2025-09-05 02:00:00,15.08,0.666,280.8,87.7,985.1603,0.0
2025-09-05 03:00:00,14.84,0.499,261.7,88.7,985.4952,0.0
2025-09-05 04:00:00,14.87,0.85,281.3,88.7,985.9439,0.0
2025-09-05 05:00:00,14.37,0.365,263.9,92.1,986.3764,0.0
2025-09-05 06:00:00,14.39,1.078,289.6,91.7,986.8361,0.0
2025-09-05 07:00:00,14.53,0.297,224.8,90.9,987.3973,0.0
2025-09-05 08:00:00,14.88,1.113,261.2,89.6,987.9645,0.0
2025-09-05 09:00:00,14.5,0.44,233.1,92.8,988.1618,0.0
2025-09-05 10:00:00,14.7,1.294,276.9,90.9,988.3211,0.0
2025-09-05 11:00:00,14.87,1.023,310.3,90.4,987.9199,0.0
2025-09-05 12:00:00,15.11,1.344,281.8,87.2,987.5074,0.0
2025-09-05 13:00:00,15.92,0.757,300.0,84.1,987.0346,0.0
2025-09-05 14:00:00,16.86,0.982,278.1,80.1,986.5455,0.0
2025-09-05 15:00:00,16.89,1.382,276.7,78.04,985.8682,0.0
2025-09-05 16:00:00,17.25,1.22,244.8,77.21,985.4297,0.0
2025-09-05 17:00:00,17.06,1.698,271.9,77.1,985.5606,0.0
2025-09-05 18:00:00,15.03,0.567,291.6,83.9,986.0388,0.0
2025-09-05 19:00:00,12.77,0.0,12.94,87.3,986.8326,0.0
2025-09-05 20:00:00,13.69,0.047,284.3,91.7,987.5175,0.0
2025-09-05 21:00:00,14.87,0.0,63.23,87.0,987.8755,0.0
2025-09-05 22:00:00,14.92,0.032,276.3,88.2,988.1587,0.0
2025-09-05 23:00:00,15.03,0.0,206.3,86.7,988.3745,0.0
2025-09-06 00:00:00,15.05,0.117,237.8,86.1,988.0696,0.0
2025-09-06 01:00:00,14.95,0.18,218.8,86.1,988.0221,0.0
2025-09-06 02:00:00,14.79,0.061,284.6,87.8,987.4992,0.0
2025-09-06 03:00:00,14.8,0.14,265.6,87.8,987.284,0.0
2025-09-06 04:00:00,14.57,0.193,319.5,89.2,987.7584,0.0
2025-09-06 05:00:00,14.33,0.0,281.7,90.8,988.1818,0.0
2025-09-06 06:00:00,14.42,0.0,220.6,90.4,988.4101,0.0
2025-09-06 07:00:00,14.48,0.237,259.1,90.6,988.9328,0.0
2025-09-06 08:00:00,14.85,0.423,304.4,90.2,989.4031,0.0
2025-09-06 09:00:00,15.5,0.068,33.96,86.7,989.9612,0.0
2025-09-06 10:00:00,15.92,1.001,270.9,86.3,990.1142,0.0
2025-09-06 11:00:00,16.36,1.021,331.4,86.2,989.545,0.0
2025-09-06 12:00:00,16.93,1.786,282.5,83.3,988.8357,0.0
2025-09-06 13:00:00,17.53,1.798,298.5,80.0,988.4084,0.0
2025-09-06 14:00:00,18.3,1.497,249.3,76.71,987.5828,0.0
2025-09-06 15:00:00,18.75,1.74,245.7,73.22,987.0599,0.0
2025-09-06 16:00:00,19.44,1.509,295.4,70.51,986.8989,0.0
2025-09-06 17:00:00,18.19,1.313,272.7,73.34,987.0335,0.0
2025-09-06 18:00:00,16.18,0.069,333.7,78.85,987.5962,0.0
2025-09-06 19:00:00,14.98,0.311,20.21,83.3,988.4084,0.0
2025-09-06 20:00:00,14.44,0.011,0.202,85.1,989.2622,0.0
2025-09-06 21:00:00,13.22,0.0,334.9,86.4,989.7026,0.0
2025-09-06 22:00:00,11.66,0.0,99.5,90.6,989.5723,0.0
2025-09-06 23:00:00,11.28,0.0,70.53,91.8,989.3452,0.0
2025-09-07 00:00:00,11.57,0.154,91.5,94.1,989.4221,0.0
2025-09-07 01:00:00,14.28,1.374,94.9,90.2,988.7476,0.0
2025-09-07 02:00:00,12.9,0.0,249.3,91.0,988.0571,0.0
2025-09-07 03:00:00,13.97,0.011,60.53,90.6,987.81,0.0
2025-09-07 04:00:00,14.0,0.0,14.0,90.3,987.957,0.0
2025-09-07 05:00:00,12.89,0.0,233.1,92.6,988.2906,0.0
2025-09-07 06:00:00,13.92,0.0,0.015,91.6,988.9888,0.0
2025-09-07 07:00:00,14.61,0.174,249.0,88.7,989.6704,0.0
2025-09-07 08:00:00,15.39,0.579,280.7,86.1,990.1307,0.0
2025-09-07 09:00:00,16.36,0.33,277.0,83.9,990.3292,0.0
2025-09-07 10:00:00,17.96,1.413,320.6,78.37,990.4634,0.0
2025-09-07 11:00:00,19.31,2.241,262.9,74.57,989.925,0.0
2025-09-07 12:00:00,18.91,2.325,266.7,75.3,989.4064,0.0
2025-09-07 13:00:00,19.22,2.246,303.6,74.49,988.6293,0.0
2025-09-07 14:00:00,21.15,2.125,301.1,68.29,987.6561,0.0
2025-09-07 15:00:00,19.91,2.24,255.7,72.22,987.3889,0.0
2025-09-07 16:00:00,19.18,1.538,308.8,75.12,987.0436,0.0
2025-09-07 17:00:00,18.24,1.363,258.0,76.96,987.3276,0.0
2025-09-07 18:00:00,16.55,0.016,343.4,82.4,987.6743,0.0
2025-09-07 19:00:00,16.32,1.176,99.0,83.4,988.0915,0.0
2025-09-07 20:00:00,15.75,0.526,305.8,85.4,988.3439,0.0
2025-09-07 21:00:00,15.74,1.574,83.9,86.0,988.4358,0.0
2025-09-07 22:00:00,15.7,1.022,120.5,86.5,988.4753,0.0
2025-09-07 23:00:00,15.29,0.326,93.2,87.6,988.1972,0.0
2025-09-08 00:00:00,13.25,0.0,325.4,89.4,987.8469,0.0
2025-09-08 01:00:00,14.83,0.0,347.0,91.6,987.3981,0.0
2025-09-08 02:00:00,15.06,0.036,271.4,90.1,987.037,0.0
2025-09-08 03:00:00,15.13,1.568,105.4,89.7,986.2845,0.0
2025-09-08 04:00:00,14.65,0.143,47.15,90.8,985.377,0.0
2025-09-08 05:00:00,14.57,0.612,231.6,92.3,985.3389,0.0
2025-09-08 06:00:00,14.61,0.022,306.6,92.8,985.8196,0.0
2025-09-08 07:00:00,14.97,0.18,71.82,90.9,986.5624,0.0
2025-09-08 08:00:00,15.23,0.424,316.2,90.1,987.3337,0.0
2025-09-08 09:00:00,15.94,0.04,268.4,87.7,987.6653,0.0
2025-09-08 10:00:00,16.54,0.744,298.8,85.9,987.763,0.0
2025-09-08 11:00:00,16.15,1.302,268.0,88.1,987.2819,0.0
2025-09-08 12:00:00,16.59,1.218,271.8,85.8,986.5136,0.0
2025-09-08 13:00:00,17.35,1.348,255.3,82.4,985.8724,0.0
2025-09-08 14:00:00,16.95,0.791,280.3,83.9,985.3767,0.0
2025-09-08 15:00:00,16.82,1.279,290.3,84.0,984.6986,0.0
2025-09-08 16:00:00,16.14,1.791,274.8,85.3,984.6074,0.0
2025-09-08 17:00:00,15.48,0.81,257.7,87.7,984.7636,0.0
2025-09-08 18:00:00,15.13,0.514,299.9,87.6,985.3314,0.0
2025-09-08 19:00:00,14.8,0.817,270.6,89.5,986.0127,0.0
2025-09-08 20:00:00,14.7,0.384,288.9,91.3,986.217,0.0
2025-09-08 21:00:00,14.48,0.29,278.4,93.3,986.5961,0.0
2025-09-08 22:00:00,14.44,0.0,232.4,93.6,986.7809,0.0
2025-09-08 23:00:00,14.58,0.0,239.5,93.7,986.5399,0.0
2025-09-09 00:00:00,14.66,0.395,272.6,92.4,985.9138,0.0
2025-09-09 01:00:00,14.61,0.257,262.9,92.2,985.4841,0.0
2025-09-09 02:00:00,14.2,0.966,275.3,93.0,985.1268,0.0
2025-09-09 03:00:00,14.01,0.771,305.7,94.3,984.7783,0.0
2025-09-09 04:00:00,14.1,0.222,263.7,94.8,984.8669,0.0
2025-09-09 05:00:00,14.06,0.355,219.0,94.8,985.1127,0.1
2025-09-09 06:00:00,14.0,0.246,250.3,94.9,985.6393,0.0
2025-09-09 07:00:00,14.13,0.494,317.2,94.2,986.4724,0.0
2025-09-09 08:00:00,14.55,0.239,305.7,93.1,987.0046,0.0
2025-09-09 09:00:00,15.04,1.137,286.9,90.1,987.5343,0.0
2025-09-09 10:00:00,15.72,0.424,335.9,86.7,988.1161,0.0
2025-09-09 11:00:00,16.39,0.695,280.6,83.0,987.7493,0.0
2025-09-09 12:00:00,17.38,1.165,281.8,78.94,987.1136,0.0
2025-09-09 13:00:00,18.17,1.235,293.0,75.57,986.6677,0.0
2025-09-09 14:00:00,19.19,1.675,256.3,73.03,985.8599,0.0
2025-09-09 15:00:00,18.84,1.159,280.6,73.61,985.3011,0.0
2025-09-09 16:00:00,17.49,1.347,274.2,79.06,985.5502,0.0
2025-09-09 17:00:00,16.16,1.526,266.8,84.2,985.8663,0.0
2025-09-09 18:00:00,15.81,0.72,261.0,85.1,986.1524,0.0
2025-09-09 19:00:00,15.54,0.696,261.3,86.9,986.814,0.0
2025-09-09 20:00:00,15.43,0.809,258.1,88.0,987.3378,0.0
2025-09-09 21:00:00,15.44,0.034,329.5,88.7,987.9584,0.0
2025-09-09 22:00:00,15.38,0.489,294.9,89.0,988.094,0.0
2025-09-09 23:00:00,15.33,0.264,279.9,89.3,987.7406,0.0
2025-09-10 00:00:00,15.17,1.519,236.7,89.2,987.0388,0.0
2025-09-10 01:00:00,15.04,1.091,283.3,89.5,986.5593,0.0
2025-09-10 02:00:00,15.12,0.043,22.89,89.0,985.9451,0.0
2025-09-10 03:00:00,15.13,0.0,266.6,88.0,985.7306,0.0
2025-09-10 04:00:00,15.12,0.4,107.0,87.7,985.3435,0.0
2025-09-10 05:00:00,15.26,0.387,71.88,87.2,985.3394,0.0
2025-09-10 06:00:00,15.08,0.208,285.5,88.3,985.7907,0.0
2025-09-10 07:00:00,15.2,0.07,307.4,88.4,986.2912,0.0
2025-09-10 08:00:00,15.69,0.215,233.3,86.3,986.3021,0.0
2025-09-10 09:00:00,15.62,1.869,254.7,87.3,986.386,0.0
2025-09-10 10:00:00,15.91,1.255,274.0,87.5,986.6812,0.0
2025-09-10 11:00:00,16.4,1.161,286.7,85.8,986.2802,0.0
2025-09-10 12:00:00,17.61,1.323,290.9,81.7,985.5709,0.0
2025-09-10 13:00:00,18.87,1.62,258.3,77.21,984.9769,0.0
2025-09-10 14:00:00,19.25,1.873,228.3,74.74,984.4263,0.0
2025-09-10 15:00:00,18.96,1.993,271.3,74.53,983.989,0.0
2025-09-10 16:00:00,18.97,1.617,262.6,73.88,983.8637,0.0
2025-09-10 17:00:00,17.42,1.953,262.5,77.64,984.071,0.0
2025-09-10 18:00:00,15.48,0.651,304.8,84.5,985.0057,0.0
2025-09-10 19:00:00,14.76,0.17,307.5,88.0,985.7969,0.0
2025-09-10 20:00:00,15.01,0.122,286.8,87.6,986.1103,0.0
2025-09-10 21:00:00,15.2,0.61,260.6,86.8,986.6609,0.0
2025-09-10 22:00:00,15.0,1.17,269.7,88.3,986.6793,0.0
2025-09-10 23:00:00,14.92,0.76,267.7,88.8,986.8235,0.0
2025-09-11 00:00:00,14.87,0.497,261.3,89.2,986.4214,0.0
2025-09-11 01:00:00,14.59,0.172,268.1,91.5,986.0773,0.0
2025-09-11 02:00:00,14.18,0.515,258.2,93.5,985.9733,0.1
2025-09-11 03:00:00,13.88,0.413,279.1,94.5,985.802,0.0
2025-09-11 04:00:00,13.83,0.255,270.8,94.8,985.8579,0.1
2025-09-11 05:00:00,13.87,0.714,244.1,95.1,985.7521,0.1
2025-09-11 06:00:00,13.72,0.668,238.1,95.3,986.3867,0.2
2025-09-11 07:00:00,13.81,0.548,293.9,95.3,987.1039,0.1
2025-09-11 08:00:00,14.07,0.502,266.5,95.1,987.7203,0.0
2025-09-11 09:00:00,14.51,0.47,266.3,94.0,988.0806,0.0
2025-09-11 10:00:00,14.68,0.159,202.4,93.4,988.1863,0.0
2025-09-11 11:00:00,15.15,1.555,295.3,89.2,987.7311,0.0
2025-09-11 12:00:00,16.08,1.276,295.6,84.9,986.813,0.0
2025-09-11 13:00:00,16.63,0.795,302.9,82.6,986.0206,0.0
2025-09-11 14:00:00,17.47,1.642,283.1,78.78,985.0326,0.0
2025-09-11 15:00:00,18.78,1.744,319.7,74.11,984.2331,0.0
2025-09-11 16:00:00,18.57,1.166,277.1,74.36,983.8915,0.0
2025-09-11 17:00:00,18.22,1.405,305.8,75.67,984.0076,0.0
2025-09-11 18:00:00,16.13,0.616,293.2,83.5,984.0377,0.0
2025-09-11 19:00:00,14.61,0.0,311.9,88.4,983.741,0.0
2025-09-11 20:00:00,13.62,0.0,279.5,91.1,984.41,0.0
2025-09-11 21:00:00,14.63,0.086,343.5,92.0,984.8936,0.0
2025-09-11 22:00:00,14.84,0.0,283.4,90.2,984.9,0.0
2025-09-11 23:00:00,14.91,0.0,275.6,90.2,984.645,0.0
2025-09-12 00:00:00,14.87,0.0,304.8,90.7,984.3084,0.0
2025-09-12 01:00:00,14.75,0.0,241.6,91.0,984.0574,0.0
2025-09-12 02:00:00,14.69,0.817,93.4,89.5,983.7393,0.0
2025-09-12 03:00:00,14.67,0.436,144.8,89.8,983.5621,0.0
2025-09-12 04:00:00,14.58,0.016,300.1,90.7,983.9446,0.0
2025-09-12 05:00:00,14.39,0.049,286.0,91.6,984.9849,0.0
2025-09-12 06:00:00,14.37,0.203,255.6,91.9,986.3431,0.0
2025-09-12 07:00:00,14.38,0.155,267.7,93.5,987.4363,0.1
2025-09-12 08:00:00,14.31,0.693,310.9,94.4,988.2744,0.1
2025-09-12 09:00:00,14.21,1.05,260.1,94.8,988.9105,0.1
2025-09-12 10:00:00,14.43,1.556,256.3,94.5,989.3474,0.0
2025-09-12 11:00:00,15.5,1.231,288.5,90.9,988.9,0.0
2025-09-12 12:00:00,16.07,0.192,348.2,87.5,988.0268,0.0
2025-09-12 13:00:00,16.5,1.096,263.5,85.6,987.3885,0.0
2025-09-12 14:00:00,17.79,0.653,321.9,81.2,986.2977,0.0
2025-09-12 15:00:00,20.15,0.857,310.4,73.67,985.4262,0.0
2025-09-12 16:00:00,20.99,1.282,288.5,69.83,985.264,0.0
2025-09-12 17:00:00,19.54,0.813,323.0,71.46,985.2944,0.0
2025-09-12 18:00:00,16.88,0.92,332.8,79.65,985.6074,0.0
2025-09-12 19:00:00,15.49,0.164,308.9,83.6,986.3922,0.0
2025-09-12 20:00:00,14.61,0.0,105.3,86.0,986.8142,0.0
2025-09-12 21:00:00,14.73,0.0,288.2,86.4,986.9283,0.0
2025-09-12 22:00:00,13.87,0.0,194.1,87.8,987.0741,0.0
2025-09-12 23:00:00,12.68,0.0,127.7,90.8,986.9611,0.0
2025-09-13 00:00:00,12.51,0.0,253.2,91.4,986.2933,0.0
2025-09-13 01:00:00,12.13,0.0,67.21,92.6,985.7938,0.0
2025-09-13 02:00:00,13.21,0.221,321.8,92.6,985.5732,0.0
2025-09-13 03:00:00,13.13,0.091,102.8,93.9,985.5203,0.0
2025-09-13 04:00:00,14.18,0.0,124.7,91.3,985.2689,0.0
2025-09-13 05:00:00,14.33,0.599,99.0,90.7,985.1259,0.0
2025-09-13 06:00:00,14.29,1.22,117.7,90.8,985.3502,0.0
2025-09-13 07:00:00,14.68,0.243,216.4,88.9,985.8776,0.0
2025-09-13 08:00:00,15.23,0.537,299.2,87.7,986.3762,0.0
2025-09-13 09:00:00,18.1,0.049,336.8,79.13,986.0799,0.0
2025-09-13 10:00:00,19.27,1.221,333.0,74.54,985.9977,0.0
2025-09-13 11:00:00,21.72,1.808,310.9,67.55,985.2824,0.0
2025-09-13 12:00:00,22.12,2.05,263.7,65.1,984.6907,0.0
2025-09-13 13:00:00,22.69,2.35,280.0,63.67,984.221,0.0
2025-09-13 14:00:00,21.18,2.962,282.1,67.92,984.0908,0.0
2025-09-13 15:00:00,20.6,2.945,262.1,69.52,983.6512,0.0
2025-09-13 16:00:00,19.63,1.91,277.1,72.8,983.4406,0.0
2025-09-13 17:00:00,18.51,0.754,283.7,76.24,983.3266,0.0
2025-09-13 18:00:00,16.8,0.646,288.5,81.7,983.5886,0.0
2025-09-13 19:00:00,15.68,0.031,30.45,86.2,983.7861,0.0
2025-09-13 20:00:00,15.11,0.0,338.8,88.6,983.8085,0.0
2025-09-13 21:00:00,14.86,0.11,348.6,89.7,984.3351,0.0
2025-09-13 22:00:00,15.4,0.294,325.8,88.9,984.7808,0.0
2025-09-13 23:00:00,15.52,0.016,290.1,88.1,984.6845,0.0
2025-09-14 00:00:00,15.32,0.145,318.5,89.2,984.2756,0.0
2025-09-14 01:00:00,15.25,0.596,272.4,89.6,983.6938,0.0
2025-09-14 02:00:00,15.0,0.284,282.9,90.9,983.4544,0.0
2025-09-14 03:00:00,14.8,1.06,267.9,91.7,983.319,0.0
2025-09-14 04:00:00,14.6,0.162,271.4,92.2,983.2459,0.0
2025-09-14 05:00:00,14.62,0.037,332.3,92.5,983.2864,0.0
2025-09-14 06:00:00,14.77,0.0,286.7,92.2,983.6867,0.0
2025-09-14 07:00:00,15.03,1.132,274.2,91.3,984.5314,0.0
2025-09-14 08:00:00,14.57,1.486,272.6,92.6,985.603,0.0
2025-09-14 09:00:00,14.54,1.088,262.3,93.0,986.5515,0.0
2025-09-14 10:00:00,15.5,0.278,321.6,89.5,986.7294,0.0
2025-09-14 11:00:00,15.82,1.077,299.5,87.7,986.4182,0.0
2025-09-14 12:00:00,16.19,1.355,298.6,86.1,986.1768,0.0
2025-09-14 13:00:00,16.86,1.137,273.8,83.3,985.4418,0.0
2025-09-14 14:00:00,17.85,1.156,237.4,79.07,984.7044,0.0
2025-09-14 15:00:00,17.55,2.044,248.2,79.86,983.9451,0.0
2025-09-14 16:00:00,16.47,1.621,280.2,84.5,983.9048,0.0
2025-09-14 17:00:00,15.65,1.551,276.1,85.4,984.3627,0.0
2025-09-14 18:00:00,15.58,0.782,264.3,84.6,984.6815,0.0
2025-09-14 19:00:00,15.33,0.584,307.5,85.5,985.0035,0.0
2025-09-14 20:00:00,15.14,0.65,276.5,87.1,985.357,0.0
2025-09-14 21:00:00,15.1,0.469,277.1,87.8,985.5909,0.0
2025-09-14 22:00:00,14.89,0.0,257.6,88.6,985.883,0.0
2025-09-14 23:00:00,13.77,0.0,265.6,90.0,985.9353,0.0
2025-09-15 00:00:00,13.17,0.0,330.3,91.4,985.3653,0.0
2025-09-15 01:00:00,14.7,0.056,70.59,90.6,984.8377,0.0
2025-09-15 02:00:00,14.84,0.208,88.0,90.0,984.2033,0.0
2025-09-15 03:00:00,14.98,0.108,96.4,88.4,983.7813,0.0
2025-09-15 04:00:00,14.79,0.0,309.7,89.1,983.3569,0.0
2025-09-15 05:00:00,13.78,0.0,1.526,90.1,983.4645,0.0
2025-09-15 06:00:00,14.61,0.018,17.01,90.7,984.1042,0.0
2025-09-15 07:00:00,14.88,0.11,295.7,90.1,984.8231,0.0
2025-09-15 08:00:00,15.62,0.467,278.0,88.1,985.7007,0.0
2025-09-15 09:00:00,17.6,0.754,353.4,81.7,985.8494,0.0
2025-09-15 10:00:00,19.49,1.414,274.6,75.78,985.8608,0.0
2025-09-15 11:00:00,20.59,1.597,330.2,72.46,985.5446,0.0
2025-09-15 12:00:00,21.83,2.273,296.8,68.37,984.8014,0.0
2025-09-15 13:00:00,21.47,2.942,274.9,68.37,984.1763,0.0
2025-09-15 14:00:00,21.56,1.896,305.9,68.47,983.6909,0.0
2025-09-15 15:00:00,21.4,1.811,268.8,68.77,983.1674,0.0
2025-09-15 16:00:00,20.86,1.313,264.2,69.66,983.2526,0.0
2025-09-15 17:00:00,19.5,0.981,287.1,73.54,983.5903,0.0
2025-09-15 18:00:00,16.82,0.733,334.7,82.4,984.2946,0.0
2025-09-15 19:00:00,15.95,0.06,338.4,85.9,984.9037,0.0
2025-09-15 20:00:00,15.31,0.028,288.4,88.3,985.2906,0.0
2025-09-15 21:00:00,15.09,0.418,314.9,90.3,985.8405,0.0
2025-09-15 22:00:00,15.01,0.146,354.3,90.9,986.0153,0.0
2025-09-15 23:00:00,15.11,0.239,346.9,91.2,986.3004,0.0
2025-09-16 00:00:00,15.12,0.024,353.7,91.2,985.9472,0.0
2025-09-16 01:00:00,15.19,0.049,315.8,91.0,985.4224,0.0
2025-09-16 02:00:00,15.19,0.2,280.5,91.1,985.167,0.0
2025-09-16 03:00:00,15.11,0.268,279.5,91.2,984.7665,0.0
2025-09-16 04:00:00,15.11,0.155,308.4,91.4,984.7667,0.0
2025-09-16 05:00:00,15.38,0.0,224.4,90.4,984.9955,0.0
2025-09-16 06:00:00,15.1,0.0,206.0,89.8,985.6834,0.0
2025-09-16 07:00:00,15.63,0.036,330.6,90.0,986.1357,0.0
2025-09-16 08:00:00,17.64,0.399,260.2,82.3,986.3862,0.0
2025-09-16 09:00:00,19.84,1.332,331.0,75.33,986.4404,0.0
2025-09-16 10:00:00,20.27,1.618,274.5,72.72,986.7049,0.0
2025-09-16 11:00:00,21.01,1.521,314.1,70.61,986.9036,0.0
2025-09-16 12:00:00,21.28,2.249,307.1,69.3,986.0618,0.0
2025-09-16 13:00:00,21.42,1.91,279.3,67.93,985.4796,0.0
2025-09-16 14:00:00,21.85,1.688,275.8,66.25,984.8307,0.0
2025-09-16 15:00:00,21.26,1.442,335.1,68.54,984.1754,0.0
2025-09-16 16:00:00,21.4,1.374,315.9,67.88,983.8448,0.0
2025-09-16 17:00:00,20.64,1.182,268.5,69.58,983.864,0.0
2025-09-16 18:00:00,18.23,0.484,291.1,76.61,984.5804,0.0
2025-09-16 19:00:00,16.11,0.782,310.9,84.4,985.433,0.0
2025-09-16 20:00:00,15.35,0.431,343.4,87.7,986.2305,0.0
2025-09-16 21:00:00,14.84,0.0,293.7,88.9,986.673,0.0
2025-09-16 22:00:00,14.21,0.0,299.2,91.6,986.8481,0.0
2025-09-16 23:00:00,14.34,0.0,268.0,90.9,986.5151,0.0
2025-09-17 00:00:00,14.28,0.0,102.5,91.5,986.1283,0.0
2025-09-17 01:00:00,12.66,0.0,57.97,91.4,985.5462,0.0
2025-09-17 02:00:00,14.52,0.0,269.6,93.8,985.4279,0.0
2025-09-17 03:00:00,14.85,0.0,107.1,92.6,985.352,0.0
2025-09-17 04:00:00,15.0,0.109,184.2,91.8,984.9595,0.0
2025-09-17 05:00:00,14.55,0.0,243.3,92.3,985.197,0.0
2025-09-17 06:00:00,15.13,0.075,197.0,91.5,986.005,0.0
2025-09-17 07:00:00,15.44,0.0,97.5,90.3,987.1716,0.0
2025-09-17 08:00:00,16.65,0.061,353.8,86.0,987.7045,0.0
2025-09-17 09:00:00,17.92,2.342,265.7,81.6,988.0104,0.0
2025-09-17 10:00:00,17.99,1.42,311.3,81.8,987.8906,0.0
2025-09-17 11:00:00,20.24,1.47,322.4,74.25,987.3004,0.0
2025-09-17 12:00:00,21.24,1.95,313.2,70.35,986.3731,0.0
2025-09-17 13:00:00,22.24,1.933,287.9,65.86,985.3986,0.0
2025-09-17 14:00:00,23.74,1.825,353.5,61.67,984.0574,0.0
2025-09-17 15:00:00,23.09,1.729,353.1,62.64,983.3434,0.0
2025-09-17 16:00:00,21.88,1.566,305.3,66.47,983.2888,0.0
2025-09-17 17:00:00,19.82,0.831,304.2,72.65,983.6948,0.0
2025-09-17 18:00:00,17.99,1.051,272.2,78.52,984.3383,0.0
2025-09-17 19:00:00,16.82,0.0,306.6,82.7,984.8902,0.0
2025-09-17 20:00:00,16.38,0.0,335.9,85.0,985.9074,0.0
2025-09-17 21:00:00,15.36,0.001,342.2,88.5,986.2413,0.0
2025-09-17 22:00:00,15.11,0.0,351.8,90.5,986.4413,0.0
2025-09-17 23:00:00,15.17,0.425,316.0,91.0,986.5377,0.0
2025-09-18 00:00:00,14.57,0.0,292.9,92.4,986.1128,0.0
2025-09-18 01:00:00,14.2,0.0,285.6,93.6,985.4888,0.0
2025-09-18 02:00:00,14.9,0.104,344.8,93.8,985.0759,0.0
2025-09-18 03:00:00,14.96,0.0,21.31,93.2,984.6965,0.0
2025-09-18 04:00:00,14.9,0.0,238.6,93.1,984.343,0.0
2025-09-18 05:00:00,14.07,0.0,17.33,93.2,984.7974,0.0
2025-09-18 06:00:00,13.11,0.0,17.27,93.2,985.1705,0.0
2025-09-18 07:00:00,15.05,0.0,249.3,94.4,985.829,0.0
2025-09-18 08:00:00,15.91,0.046,0.166,90.7,986.4227,0.0
2025-09-18 09:00:00,18.36,0.903,282.1,80.7,986.6522,0.0
2025-09-18 10:00:00,20.61,0.971,283.7,73.63,986.5278,0.0
2025-09-18 11:00:00,22.05,1.789,338.0,68.71,985.9366,0.0
2025-09-18 12:00:00,23.27,2.246,278.0,63.9,985.546,0.0
2025-09-18 13:00:00,23.35,1.97,336.1,63.7,985.1246,0.0
2025-09-18 14:00:00,23.27,1.532,327.6,63.09,984.5903,0.0
2025-09-18 15:00:00,22.7,2.169,337.6,64.63,983.8495,0.0
2025-09-18 16:00:00,21.74,1.745,251.2,66.92,983.915,0.0
2025-09-18 17:00:00,20.36,1.138,287.7,70.84,984.0261,0.0
2025-09-18 18:00:00,17.49,0.583,288.6,79.98,984.2538,0.2
2025-09-18 19:00:00,16.5,0.352,320.1,83.9,984.8381,0.0
2025-09-18 20:00:00,16.16,0.001,342.6,85.3,985.3473,0.0
2025-09-18 21:00:00,15.3,0.0,7.272,86.8,985.9327,0.0
2025-09-18 22:00:00,15.24,0.271,293.3,89.4,986.2536,0.0
2025-09-18 23:00:00,15.03,0.009,313.8,91.2,986.4717,0.0
2025-09-19 00:00:00,15.05,0.023,286.0,92.4,986.4431,0.0
2025-09-19 01:00:00,14.49,0.0,241.8,92.4,986.0468,0.0
2025-09-19 02:00:00,14.99,0.007,246.7,93.2,985.8273,0.0
2025-09-19 03:00:00,15.21,0.104,201.7,92.3,985.6527,0.0
2025-09-19 04:00:00,15.23,0.0,85.3,92.1,985.4976,0.0
2025-09-19 05:00:00,15.32,0.283,259.4,91.7,985.9594,0.0
2025-09-19 06:00:00,14.74,1.014,279.7,93.6,986.8384,0.0
2025-09-19 07:00:00,14.76,0.67,316.2,94.4,987.6306,0.0
2025-09-19 08:00:00,14.97,0.725,266.8,94.4,988.3712,0.0
2025-09-19 09:00:00,15.77,0.574,253.7,90.7,989.0341,0.0
2025-09-19 10:00:00,17.7,1.409,301.4,83.0,988.9295,0.0
2025-09-19 11:00:00,19.3,1.765,319.1,76.78,988.5449,0.0
2025-09-19 12:00:00,20.87,1.893,303.8,70.74,987.9774,0.0
2025-09-19 13:00:00,21.51,1.765,281.1,67.89,987.1987,0.0
2025-09-19 14:00:00,22.39,1.599,303.9,64.82,986.3689,0.0
2025-09-19 15:00:00,22.17,1.827,322.4,64.98,985.7671,0.0
2025-09-19 16:00:00,20.7,1.417,298.4,68.63,985.8911,0.0
2025-09-19 17:00:00,19.15,1.102,310.8,74.0,986.1821,0.0
2025-09-19 18:00:00,16.82,0.813,313.9,81.3,986.5909,0.0
2025-09-19 19:00:00,15.73,0.377,294.3,85.8,987.5131,0.0
2025-09-19 20:00:00,15.58,0.0,4.368,85.9,987.8585,0.0
2025-09-19 21:00:00,15.48,0.0,317.9,87.0,988.0755,0.0
2025-09-19 22:00:00,15.45,0.156,328.7,87.7,988.8215,0.0
2025-09-19 23:00:00,15.19,0.815,328.8,89.6,989.0075,0.0
2025-09-20 00:00:00,14.79,0.016,308.4,89.9,988.3665,0.0
2025-09-20 01:00:00,14.25,0.0,250.6,91.9,987.5756,0.0
2025-09-20 02:00:00,14.75,0.0,197.6,92.7,986.9854,0.0
2025-09-20 03:00:00,14.62,0.007,256.5,90.6,986.4882,0.0
2025-09-20 04:00:00,14.74,0.015,293.7,92.3,986.3608,0.0
2025-09-20 05:00:00,14.8,0.047,8.89,92.2,986.7875,0.0
2025-09-20 06:00:00,15.21,0.34,89.0,89.2,987.303,0.0
2025-09-20 07:00:00,15.09,0.575,275.2,89.9,987.9311,0.0
2025-09-20 08:00:00,15.31,0.145,315.6,89.6,988.5495,0.0
2025-09-20 09:00:00,17.23,0.871,303.4,81.6,988.3429,0.0
2025-09-20 10:00:00,19.11,1.76,284.9,75.47,988.0807,0.0
2025-09-20 11:00:00,19.81,1.85,298.2,72.51,987.5916,0.0
2025-09-20 12:00:00,20.82,2.036,267.8,68.37,986.6824,0.0
2025-09-20 13:00:00,21.28,2.396,322.4,66.42,985.9893,0.0
2025-09-20 14:00:00,22.36,2.269,316.5,63.18,985.1483,0.0
2025-09-20 15:00:00,21.98,1.824,268.3,64.11,984.6597,0.0
2025-09-20 16:00:00,20.02,1.312,299.9,69.53,985.1466,0.0
2025-09-20 17:00:00,17.74,1.378,312.6,76.07,985.8165,0.0
2025-09-20 18:00:00,16.74,0.544,326.4,79.61,986.4742,0.0
2025-09-20 19:00:00,15.95,0.166,6.787,82.0,987.2369,0.0
2025-09-20 20:00:00,15.84,0.126,71.16,82.8,988.0171,0.0
2025-09-20 21:00:00,15.68,0.35,306.5,83.1,988.4127,0.0
2025-09-20 22:00:00,15.62,0.686,276.8,83.9,988.6694,0.0
2025-09-20 23:00:00,15.37,0.897,241.0,84.5,988.7781,0.0
2025-09-21 00:00:00,15.16,0.42,315.3,85.5,987.9787,0.0
2025-09-21 01:00:00,14.95,0.52,263.1,86.6,987.0618,0.0
2025-09-21 02:00:00,14.65,0.83,322.1,87.7,986.3858,0.0
2025-09-21 03:00:00,14.5,0.307,303.5,88.5,986.1976,0.0
2025-09-21 04:00:00,14.46,0.0,248.8,88.6,985.8564,0.0
2025-09-21 05:00:00,13.92,0.0,261.3,89.7,985.875,0.0
2025-09-21 06:00:00,13.71,0.024,285.8,91.8,986.2677,0.0
2025-09-21 07:00:00,14.88,0.117,294.5,89.3,986.4407,0.0
2025-09-21 08:00:00,16.51,1.608,327.4,82.1,986.8624,0.0
2025-09-21 09:00:00,18.11,1.187,271.9,76.43,986.9631,0.0
2025-09-21 10:00:00,19.77,1.618,277.7,70.96,986.4449,0.0
2025-09-21 11:00:00,20.97,2.315,276.1,67.46,985.7025,0.0
2025-09-21 12:00:00,21.24,3.086,289.8,64.99,984.9052,0.0
2025-09-21 13:00:00,21.29,2.287,279.5,65.44,984.2356,0.0
2025-09-21 14:00:00,20.65,2.219,263.5,67.52,983.3961,0.0
2025-09-21 15:00:00,19.72,2.237,306.0,70.57,983.0787,0.0
2025-09-21 16:00:00,19.41,1.372,326.5,70.08,982.9871,0.0
2025-09-21 17:00:00,17.67,1.248,281.4,75.32,983.3531,0.0
2025-09-21 18:00:00,15.99,0.629,330.1,80.7,983.7733,0.0
2025-09-21 19:00:00,15.22,0.585,327.5,83.9,984.4404,0.0
2025-09-21 20:00:00,14.89,0.142,322.9,85.7,984.9504,0.0
2025-09-21 21:00:00,14.7,0.205,316.9,86.4,985.3274,0.0
2025-09-21 22:00:00,14.02,0.01,264.8,88.3,985.3442,0.0
2025-09-21 23:00:00,13.96,0.0,290.4,89.6,985.4907,0.0
2025-09-22 00:00:00,13.96,0.017,267.3,89.8,984.8239,0.0
2025-09-22 01:00:00,14.63,0.205,254.7,88.5,984.0071,0.0
2025-09-22 02:00:00,14.59,0.0,219.8,88.6,983.7666,0.0
2025-09-22 03:00:00,14.71,0.038,260.9,88.3,983.6048,0.0
2025-09-22 04:00:00,15.12,0.541,307.3,86.3,983.6365,0.0
2025-09-22 05:00:00,15.01,0.567,276.2,86.4,983.7607,0.0
2025-09-22 06:00:00,14.78,1.277,264.6,86.8,984.1854,0.0
2025-09-22 07:00:00,14.69,0.918,305.4,87.4,984.892,0.0
2025-09-22 08:00:00,15.08,0.71,271.6,86.4,985.3318,0.0
2025-09-22 09:00:00,15.77,0.462,342.9,83.8,985.6739,0.0
2025-09-22 10:00:00,16.7,0.821,231.4,79.38,985.9611,0.0
2025-09-22 11:00:00,17.91,1.273,347.9,75.5,985.5306,0.0
2025-09-22 12:00:00,20.56,1.802,300.9,67.09,984.762,0.0
2025-09-22 13:00:00,21.04,2.594,286.0,63.88,984.2812,0.0
2025-09-22 14:00:00,21.4,2.095,273.0,63.36,983.8383,0.0
2025-09-22 15:00:00,20.86,1.669,259.3,65.15,983.2794,0.0
2025-09-22 16:00:00,19.72,2.279,269.6,68.04,982.9867,0.0
2025-09-22 17:00:00,17.68,1.879,288.3,75.9,983.3217,0.0
2025-09-22 18:00:00,16.38,1.05,273.3,80.8,983.7333,0.0
2025-09-22 19:00:00,15.92,0.43,256.2,81.0,984.3466,0.0
2025-09-22 20:00:00,15.6,0.19,260.7,81.3,984.1462,0.0
2025-09-22 21:00:00,15.3,1.108,288.1,84.2,984.7699,0.0
2025-09-22 22:00:00,15.27,0.239,332.0,84.9,985.3156,0.0
2025-09-22 23:00:00,14.98,0.0,282.3,85.6,985.0016,0.0
2025-09-23 00:00:00,14.55,0.249,262.7,88.4,984.6324,0.0
2025-09-23 01:00:00,13.86,0.0,325.9,89.6,984.0259,0.0
2025-09-23 02:00:00,13.06,0.0,28.27,90.3,983.332,0.0
2025-09-23 03:00:00,12.88,0.0,22.57,90.9,982.8203,0.0
2025-09-23 04:00:00,12.7,0.0,173.7,91.7,983.0447,0.0
2025-09-23 05:00:00,12.75,0.0,80.4,92.6,983.2453,0.0
2025-09-23 06:00:00,12.65,0.0,63.74,92.9,983.8235,0.0
2025-09-23 07:00:00,14.5,0.784,266.5,93.0,984.6429,0.0
2025-09-23 08:00:00,15.09,0.072,281.9,91.0,985.2843,0.0
2025-09-23 09:00:00,16.08,0.943,274.5,86.0,985.3756,0.0
2025-09-23 10:00:00,16.79,1.004,236.4,83.3,985.7482,0.0
2025-09-23 11:00:00,18.27,1.486,332.0,78.17,985.699,0.0
2025-09-23 12:00:00,20.43,1.256,270.9,70.72,984.9716,0.0
2025-09-23 13:00:00,22.01,2.334,261.6,65.09,984.2841,0.0
2025-09-23 14:00:00,21.58,1.973,279.6,66.2,984.0233,0.0
2025-09-23 15:00:00,22.16,1.775,338.2,64.38,983.2866,0.0
2025-09-23 16:00:00,19.55,2.399,288.6,71.64,983.6673,0.0
2025-09-23 17:00:00,18.52,1.648,306.0,75.06,984.3527,0.0
2025-09-23 18:00:00,16.73,0.801,332.5,80.7,984.8011,0.0
2025-09-23 19:00:00,16.12,0.126,324.1,83.5,985.2376,0.0
2025-09-23 20:00:00,15.96,0.745,280.8,84.6,985.6498,0.0
2025-09-23 21:00:00,15.45,0.716,248.4,87.4,986.0073,0.0
2025-09-23 22:00:00,15.57,0.23,312.6,87.7,986.2772,0.0
2025-09-23 23:00:00,15.48,0.287,287.6,88.4,986.5095,0.0
2025-09-24 00:00:00,15.41,1.084,257.8,88.6,986.2718,0.0
2025-09-24 01:00:00,15.25,0.505,264.4,89.6,985.7993,0.0
2025-09-24 02:00:00,15.03,0.543,272.4,90.5,985.0566,0.0
2025-09-24 03:00:00,14.89,0.503,300.1,91.0,984.8322,0.0
2025-09-24 04:00:00,14.91,0.425,338.1,90.8,984.6394,0.0
2025-09-24 05:00:00,14.85,0.127,246.3,91.0,984.9734,0.0
2025-09-24 06:00:00,14.83,0.433,305.7,91.4,985.8067,0.0
2025-09-24 07:00:00,15.36,0.088,210.1,90.4,986.3461,0.0
2025-09-24 08:00:00,17.3,0.382,267.5,82.6,987.0535,0.0
2025-09-24 09:00:00,19.96,0.611,345.0,73.77,987.3391,0.0
2025-09-24 10:00:00,21.66,1.412,297.2,68.13,987.2817,0.0
2025-09-24 11:00:00,21.87,2.115,262.8,66.4,987.2585,0.0
2025-09-24 12:00:00,20.58,2.2,279.9,70.03,987.0425,0.0
2025-09-24 13:00:00,19.79,2.239,272.9,72.42,986.7129,0.0
2025-09-24 14:00:00,21.22,1.95,291.7,68.35,986.043,0.0
2025-09-24 15:00:00,19.45,2.429,258.7,73.38,985.9086,0.0
2025-09-24 16:00:00,18.34,1.782,251.8,76.87,986.2657,0.0
2025-09-24 17:00:00,16.92,0.511,224.1,82.0,986.6292,0.0
2025-09-24 18:00:00,16.63,1.047,294.0,83.4,987.0339,0.0
2025-09-24 19:00:00,16.33,0.434,306.8,84.9,987.3046,0.0
2025-09-24 20:00:00,16.02,0.109,333.7,86.3,987.7622,0.0
2025-09-24 21:00:00,15.62,0.0,241.9,87.8,988.0142,0.0
2025-09-24 22:00:00,15.51,0.006,312.7,89.0,987.8958,0.0
2025-09-24 23:00:00,15.44,0.043,346.1,89.5,987.8427,0.0
2025-09-25 00:00:00,15.13,0.01,321.4,90.8,987.8483,0.0
2025-09-25 01:00:00,14.25,0.0,344.4,91.2,987.3005,0.0
2025-09-25 02:00:00,14.36,0.0,273.4,92.6,986.8101,0.0
2025-09-25 03:00:00,14.46,0.141,345.8,93.0,986.2366,0.0
2025-09-25 04:00:00,14.43,0.0,284.7,93.3,986.3506,0.0
2025-09-25 05:00:00,14.27,0.0,274.3,93.8,986.9718,0.0
2025-09-25 06:00:00,15.12,0.044,268.4,93.5,987.5781,0.0
2025-09-25 07:00:00,15.43,0.064,313.1,92.6,988.2939,0.0
2025-09-25 08:00:00,15.87,1.099,272.0,90.7,988.7702,0.0
2025-09-25 09:00:00,16.24,0.427,321.7,90.1,989.1413,0.0
2025-09-25 10:00:00,16.06,1.761,299.1,89.5,989.4581,0.0
2025-09-25 11:00:00,16.2,1.276,276.4,89.2,989.489,0.0
2025-09-25 12:00:00,16.53,1.779,283.2,86.7,989.2086,0.0
2025-09-25 13:00:00,17.03,0.608,313.1,84.4,988.5985,0.0
2025-09-25 14:00:00,17.4,1.165,276.4,83.3,987.9428,0.0
2025-09-25 15:00:00,17.22,0.951,261.1,83.7,987.44,0.0
2025-09-25 16:00:00,17.81,1.003,288.0,81.5,987.1084,0.0
2025-09-25 17:00:00,17.46,0.78,267.0,82.7,987.5125,0.0
2025-09-25 18:00:00,16.8,1.058,256.2,84.8,988.0888,0.0
2025-09-25 19:00:00,16.41,0.834,230.8,86.8,988.5295,0.0
2025-09-25 20:00:00,16.36,0.331,123.5,86.4,988.7491,0.0
2025-09-25 21:00:00,16.32,0.0,322.6,87.1,988.9345,0.0
2025-09-25 22:00:00,16.25,1.288,47.64,86.7,988.8386,0.0
2025-09-25 23:00:00,16.21,0.0,149.8,87.2,988.6479,0.0
2025-09-26 00:00:00,16.08,1.003,113.6,87.0,988.0273,0.0
2025-09-26 01:00:00,15.87,0.521,74.29,88.3,987.2545,0.0
2025-09-26 02:00:00,15.79,0.363,267.2,88.5,986.3534,0.0
2025-09-26 03:00:00,15.64,0.03,304.6,89.4,985.7977,0.0
2025-09-26 04:00:00,15.68,0.417,100.0,89.2,985.5986,0.0
2025-09-26 05:00:00,15.69,0.058,0.546,89.8,985.7007,0.0
2025-09-26 06:00:00,15.46,0.957,262.1,90.6,985.8624,0.0
2025-09-26 07:00:00,15.4,0.792,278.3,91.0,986.4887,0.0
2025-09-26 08:00:00,16.03,0.099,88.4,88.3,986.9202,0.0
2025-09-26 09:00:00,16.55,1.522,268.2,87.1,987.327,0.0
2025-09-26 10:00:00,17.82,1.044,303.9,82.9,987.0974,0.0
2025-09-26 11:00:00,16.93,1.644,247.1,87.0,986.7137,0.0
2025-09-26 12:00:00,17.84,1.36,302.7,83.4,986.0438,0.0
2025-09-26 13:00:00,17.04,1.797,260.6,85.4,985.6089,0.0
2025-09-26 14:00:00,17.47,1.008,190.3,83.2,984.9116,0.0
2025-09-26 15:00:00,17.74,1.177,308.1,82.2,984.2262,0.0
2025-09-26 16:00:00,16.28,1.364,225.7,86.7,983.995,0.0
2025-09-26 17:00:00,15.76,1.218,235.7,86.3,984.4119,0.0
2025-09-26 18:00:00,15.52,0.732,244.4,86.6,984.9402,0.0
2025-09-26 19:00:00,15.47,0.408,204.4,86.6,985.4192,0.0
2025-09-26 20:00:00,15.37,0.752,277.9,87.5,985.8683,0.0
2025-09-26 21:00:00,15.12,1.354,280.0,88.7,986.3091,0.0
2025-09-26 22:00:00,15.12,0.073,258.1,89.3,986.2759,0.0
2025-09-26 23:00:00,14.98,1.026,308.9,90.2,985.9886,0.0
2025-09-27 00:00:00,14.71,0.043,326.2,92.4,985.8132,0.0
2025-09-27 01:00:00,14.4,0.131,253.3,93.9,985.2618,0.0
2025-09-27 02:00:00,14.39,0.532,254.0,94.3,984.5818,0.0
2025-09-27 03:00:00,14.35,0.224,265.6,94.4,984.3,0.0
2025-09-27 04:00:00,14.33,0.554,251.4,94.7,984.1296,0.1
2025-09-27 05:00:00,14.42,0.498,257.1,94.8,984.1841,0.1
2025-09-27 06:00:00,14.35,0.181,277.1,94.9,984.6008,0.0
2025-09-27 07:00:00,14.48,0.0,256.0,95.0,985.1695,0.1
2025-09-27 08:00:00,14.89,0.831,281.3,93.7,985.8482,0.0
2025-09-27 09:00:00,15.71,0.987,304.9,88.5,986.0117,0.0
2025-09-27 10:00:00,16.31,0.118,262.8,85.7,986.0641,0.0
2025-09-27 11:00:00,16.22,0.796,270.1,86.5,985.7828,0.0
2025-09-27 12:00:00,16.71,0.881,309.1,84.0,985.2558,0.0
2025-09-27 13:00:00,17.13,0.792,291.4,82.5,984.7438,0.0
2025-09-27 14:00:00,17.34,1.173,285.5,80.7,984.287,0.0
2025-09-27 15:00:00,16.84,1.851,301.8,82.2,984.3243,0.0
2025-09-27 16:00:00,16.64,0.868,267.6,83.0,984.0547,0.0
2025-09-27 17:00:00,16.3,0.852,284.8,84.4,983.8839,0.0
2025-09-27 18:00:00,16.07,0.588,313.0,84.8,984.5727,0.0
2025-09-27 19:00:00,15.81,0.024,212.9,86.2,984.9577,0.0
2025-09-27 20:00:00,15.91,0.469,278.7,85.6,985.2955,0.0
2025-09-27 21:00:00,15.92,0.95,270.1,85.3,985.9374,0.0
2025-09-27 22:00:00,15.51,0.841,265.6,87.3,986.3912,0.0
2025-09-27 23:00:00,15.39,0.811,281.6,88.8,986.4167,0.0
2025-09-28 00:00:00,15.35,0.0,321.0,88.3,985.8389,0.0
2025-09-28 01:00:00,15.06,0.749,282.4,91.0,985.4001,0.0
2025-09-28 02:00:00,14.68,0.815,274.2,93.2,985.2994,0.0
2025-09-28 03:00:00,14.63,0.0,325.6,94.0,985.0223,0.1
2025-09-28 04:00:00,14.56,0.194,268.3,94.2,985.0635,0.0
2025-09-28 05:00:00,14.54,0.183,259.6,94.4,985.626,0.0
2025-09-28 06:00:00,14.41,0.938,282.1,94.3,986.3115,0.2
2025-09-28 07:00:00,14.46,0.659,286.4,94.8,987.1067,0.0
2025-09-28 08:00:00,14.73,0.211,227.1,94.7,987.6854,0.1
2025-09-28 09:00:00,15.13,0.499,288.7,93.5,987.9415,0.0
2025-09-28 10:00:00,16.34,1.037,256.3,86.3,988.2795,0.0
2025-09-28 11:00:00,17.12,0.76,260.2,82.8,988.0363,0.0
2025-09-28 12:00:00,18.26,1.03,306.4,78.14,987.5602,0.0
2025-09-28 13:00:00,18.92,1.248,285.1,74.86,987.0675,0.0
2025-09-28 14:00:00,19.33,2.225,235.2,73.71,986.4341,0.0
2025-09-28 15:00:00,20.66,1.975,297.7,69.87,985.7264,0.0
2025-09-28 16:00:00,19.81,2.014,294.6,71.06,985.6508,0.0
2025-09-28 17:00:00,18.57,1.38,353.9,74.47,986.0563,0.0
2025-09-28 18:00:00,17.43,0.288,299.3,78.16,986.6788,0.0
2025-09-28 19:00:00,16.06,0.393,316.7,84.9,987.791,0.0
2025-09-28 20:00:00,15.26,0.011,339.6,88.5,988.341,0.0
2025-09-28 21:00:00,15.13,0.26,348.3,90.6,989.0638,0.0
2025-09-28 22:00:00,14.84,0.0,219.1,90.9,989.0857,0.0
2025-09-28 23:00:00,15.1,0.0,279.6,91.7,988.7051,0.0
2025-09-29 00:00:00,15.29,0.0,343.5,90.9,988.1053,0.0
2025-09-29 01:00:00,15.3,0.0,297.9,91.7,987.5656,0.0
2025-09-29 02:00:00,15.3,0.0,263.9,91.3,986.9487,0.0
2025-09-29 03:00:00,15.36,0.0,289.0,91.1,986.9178,0.0
2025-09-29 04:00:00,15.23,0.0,293.5,91.5,986.8151,0.0
2025-09-29 05:00:00,15.0,0.178,278.9,92.7,986.8937,0.0
2025-09-29 06:00:00,15.22,0.0,314.0,92.6,987.778,0.0
2025-09-29 07:00:00,15.53,0.0,32.17,92.1,988.9296,0.0
2025-09-29 08:00:00,16.19,1.113,262.0,88.6,989.5215,0.0
2025-09-29 09:00:00,16.11,0.974,288.0,88.5,989.3151,0.0
2025-09-29 10:00:00,16.91,0.818,331.2,86.0,989.3651,0.0
2025-09-29 11:00:00,17.93,1.088,318.9,82.2,989.0441,0.0
2025-09-29 12:00:00,20.16,1.715,327.9,74.62,988.132,0.0
2025-09-29 13:00:00,22.27,1.366,328.1,67.38,987.0403,0.0
2025-09-29 14:00:00,23.59,2.388,278.5,62.99,986.173,0.0
2025-09-29 15:00:00,22.28,1.918,310.5,66.96,985.7806,0.0
2025-09-29 16:00:00,19.88,2.413,307.1,72.95,985.8018,0.0
2025-09-29 17:00:00,18.88,0.983,306.1,75.74,986.0367,0.0
2025-09-29 18:00:00,17.41,0.272,340.2,80.4,986.6366,0.0
2025-09-29 19:00:00,16.63,0.416,317.5,83.5,986.9445,0.0
2025-09-29 20:00:00,16.21,0.289,254.3,85.0,987.1826,0.0
2025-09-29 21:00:00,15.93,0.047,304.4,85.8,987.3678,0.0
2025-09-29 22:00:00,15.33,0.084,314.7,88.3,987.5812,0.0
2025-09-29 23:00:00,15.41,0.078,291.5,88.5,987.4944,0.0
2025-09-30 00:00:00,15.28,0.0,321.0,89.0,987.0646,0.0
2025-09-30 01:00:00,14.87,0.043,316.1,90.4,986.5428,0.0
2025-09-30 02:00:00,14.32,0.0,305.2,91.4,985.9359,0.0
2025-09-30 03:00:00,13.93,0.0,319.4,92.6,985.5488,0.0
2025-09-30 04:00:00,13.65,0.0,209.7,92.9,985.1631,0.0
2025-09-30 05:00:00,13.32,0.0,19.49,92.5,985.2654,0.0
2025-09-30 06:00:00,13.56,0.0,203.2,93.3,985.9992,0.0
2025-09-30 07:00:00,15.05,0.0,48.26,93.6,986.7147,0.0
2025-09-30 08:00:00,18.05,0.493,307.9,80.3,987.3372,0.0
2025-09-30 09:00:00,20.5,0.969,212.2,72.55,987.4093,0.0
2025-09-30 10:00:00,21.76,1.562,267.8,69.14,987.3882,0.0
2025-09-30 11:00:00,22.53,2.922,275.1,65.69,987.144,0.0
2025-09-30 12:00:00,22.32,2.956,254.2,66.07,986.5544,0.0
2025-09-30 13:00:00,23.02,2.904,288.3,63.41,985.8569,0.0
2025-09-30 14:00:00,22.51,2.252,329.3,64.79,985.4465,0.0
2025-09-30 15:00:00,21.49,2.546,268.7,67.37,985.4021,0.0
2025-09-30 16:00:00,21.74,1.963,314.2,66.39,985.2045,0.0
2025-09-30 17:00:00,19.78,1.381,312.9,71.52,985.6681,0.0
2025-09-30 18:00:00,17.57,0.827,307.9,78.37,986.3878,0.0
2025-09-30 19:00:00,16.65,0.334,318.2,82.3,987.0383,0.0
2025-09-30 20:00:00,16.25,0.079,314.8,84.1,987.5652,0.0
2025-09-30 21:00:00,15.81,0.233,335.1,86.5,987.9001,0.0
2025-09-30 22:00:00,15.49,0.001,327.3,87.8,988.1703,0.0
2025-09-30 23:00:00,15.13,0.0,278.2,88.8,987.9454,0.0
2025-10-01 00:00:00,14.5,0.0,323.4,90.3,987.3434,0.0
2025-10-01 01:00:00,14.34,0.0,329.2,91.0,986.6685,0.0
2025-10-01 02:00:00,14.73,0.0,240.8,90.9,986.1925,0.0
2025-10-01 03:00:00,14.97,0.0,98.8,90.8,985.7159,0.0
2025-10-01 04:00:00,14.84,0.0,98.9,90.6,985.8289,0.0
2025-10-01 05:00:00,14.74,0.0,350.7,91.1,986.1907,0.0
2025-10-01 06:00:00,14.54,0.0,350.7,91.5,986.5623,0.0
2025-10-01 07:00:00,16.12,0.44,275.9,88.0,987.4333,0.0
2025-10-01 08:00:00,17.9,0.956,309.7,80.5,988.0423,0.0
2025-10-01 09:00:00,18.63,1.137,300.4,78.38,988.1878,0.0
2025-10-01 10:00:00,20.84,0.97,264.8,71.72,987.8579,0.0
2025-10-01 11:00:00,21.52,1.818,253.7,68.74,987.2804,0.0
2025-10-01 12:00:00,22.62,2.653,271.3,64.84,986.9409,0.0
2025-10-01 13:00:00,23.12,1.896,273.1,63.91,986.209,0.0
2025-10-01 14:00:00,22.44,2.32,289.4,64.28,985.5862,0.0
2025-10-01 15:00:00,22.76,2.001,302.8,63.75,985.0753,0.0
2025-10-01 16:00:00,21.97,1.634,329.4,65.66,984.6076,0.0
2025-10-01 17:00:00,20.37,1.474,289.9,69.91,984.8421,0.0
2025-10-01 18:00:00,17.9,0.846,309.7,77.17,985.1901,0.0
2025-10-01 19:00:00,16.88,0.22,351.0,81.3,985.8539,0.0
2025-10-01 20:00:00,16.52,0.025,349.7,82.9,986.407,0.0
2025-10-01 21:00:00,16.1,0.0,338.3,84.7,986.595,0.0
2025-10-01 22:00:00,15.9,0.001,25.32,86.1,986.6375,0.0
2025-10-01 23:00:00,15.81,0.123,275.1,86.9,986.2909,0.0
2025-10-02 00:00:00,15.51,0.0,20.71,88.0,985.6205,0.0
2025-10-02 01:00:00,15.19,0.234,278.5,89.4,985.2639,0.0
2025-10-02 02:00:00,14.93,0.0,228.7,90.5,984.784,0.0
2025-10-02 03:00:00,14.38,0.0,285.5,91.2,984.3397,0.0
2025-10-02 04:00:00,13.92,0.0,319.9,92.3,984.0642,0.0
2025-10-02 05:00:00,13.72,0.0,343.5,92.6,984.402,0.0
2025-10-02 06:00:00,13.36,0.0,312.7,93.7,984.8129,0.0
2025-10-02 07:00:00,14.99,0.161,292.8,93.5,985.6564,0.0
2025-10-02 08:00:00,16.04,0.337,118.3,87.9,986.2414,0.0
2025-10-02 09:00:00,17.62,1.003,289.7,81.5,986.4787,0.0
2025-10-02 10:00:00,19.04,1.207,222.0,75.71,986.6711,0.0
2025-10-02 11:00:00,20.46,1.959,331.1,71.39,986.3536,0.0
2025-10-02 12:00:00,22.8,1.838,329.0,64.28,985.5953,0.0
2025-10-02 13:00:00,22.55,2.167,259.8,63.88,984.7086,0.0
2025-10-02 14:00:00,22.7,1.899,322.9,62.65,984.2664,0.0
2025-10-02 15:00:00,21.77,2.115,276.0,64.62,983.9493,0.0
2025-10-02 16:00:00,21.41,1.402,298.6,65.32,983.8661,0.0
2025-10-02 17:00:00,19.96,1.281,288.0,70.0,984.1217,0.0
2025-10-02 18:00:00,17.83,0.613,304.7,76.32,984.7015,0.0
2025-10-02 19:00:00,16.39,0.44,335.3,81.5,985.5302,0.0
2025-10-02 20:00:00,15.66,1.037,327.0,84.6,986.4885,0.0
2025-10-02 21:00:00,15.54,0.029,322.6,85.6,987.0317,0.0
2025-10-02 22:00:00,15.45,0.389,297.4,86.5,987.3885,0.0
2025-10-02 23:00:00,15.2,0.314,349.7,87.5,987.3358,0.0
2025-10-03 00:00:00,14.75,0.006,301.2,88.7,987.0737,0.0
2025-10-03 01:00:00,14.86,0.155,339.8,88.3,986.4144,0.0
2025-10-03 02:00:00,15.04,0.545,293.7,87.4,986.3107,0.0
2025-10-03 03:00:00,15.01,0.057,304.4,87.7,986.1496,0.0
2025-10-03 04:00:00,14.9,0.636,251.5,88.1,985.737,0.0
2025-10-03 05:00:00,14.85,0.78,284.2,88.4,986.2726,0.0
2025-10-03 06:00:00,14.89,0.309,315.3,88.6,986.924,0.0
2025-10-03 07:00:00,15.35,0.504,275.3,87.6,987.7057,0.0
2025-10-03 08:00:00,15.7,1.025,293.9,85.7,988.5297,0.0
2025-10-03 09:00:00,16.39,1.022,246.9,82.9,989.0889,0.0
2025-10-03 10:00:00,17.18,1.252,256.0,80.2,989.1681,0.0
2025-10-03 11:00:00,19.21,2.36,255.7,73.6,988.7173,0.0
2025-10-03 12:00:00,19.77,1.398,316.2,70.95,988.0068,0.0
2025-10-03 13:00:00,21.13,1.655,313.4,66.67,987.1098,0.0
2025-10-03 14:00:00,21.38,2.502,267.3,65.05,986.074,0.0
2025-10-03 15:00:00,21.82,1.948,271.4,62.76,985.4769,0.0
2025-10-03 16:00:00,21.15,2.105,270.4,64.44,985.3488,0.0
2025-10-03 17:00:00,19.62,1.439,335.6,68.02,985.7541,0.0
2025-10-03 18:00:00,18.23,0.839,354.3,72.38,986.1409,0.0
2025-10-03 19:00:00,16.74,0.598,8.3,76.59,986.6133,0.0
2025-10-03 20:00:00,16.48,0.028,351.1,78.28,987.1354,0.0
2025-10-03 21:00:00,16.23,0.137,315.1,79.95,987.4272,0.0
2025-10-03 22:00:00,16.3,0.79,277.9,80.6,987.8443,0.0
2025-10-03 23:00:00,16.11,0.144,290.9,81.9,987.7723,0.0
2025-10-04 00:00:00,15.62,0.0,286.4,84.4,987.1989,0.0
2025-10-04 01:00:00,15.46,0.0,317.2,85.4,986.6459,0.0
2025-10-04 02:00:00,15.29,0.307,331.8,86.6,986.2653,0.0
2025-10-04 03:00:00,15.13,0.003,322.7,87.4,986.1927,0.0
2025-10-04 04:00:00,15.13,0.033,298.2,86.4,985.9999,0.0
2025-10-04 05:00:00,14.73,0.013,268.9,88.3,986.0905,0.0
2025-10-04 06:00:00,14.68,0.0,323.7,89.1,986.3934,0.0
2025-10-04 07:00:00,15.58,0.429,277.3,86.9,986.764,0.0
2025-10-04 08:00:00,16.97,0.429,266.4,82.7,987.221,0.0
2025-10-04 09:00:00,19.12,0.68,257.2,74.76,987.588,0.0
2025-10-04 10:00:00,21.1,1.414,326.6,69.35,987.5074,0.0
2025-10-04 11:00:00,22.0,2.044,280.3,65.67,986.7874,0.0
2025-10-04 12:00:00,23.24,2.187,286.7,61.14,986.1196,0.0
2025-10-04 13:00:00,24.1,1.84,287.9,58.55,985.491,0.0
2025-10-04 14:00:00,24.15,1.664,294.6,58.52,984.5577,0.0
2025-10-04 15:00:00,22.25,2.492,282.1,61.93,984.0715,0.0
2025-10-04 16:00:00,22.31,1.288,318.4,62.98,983.6924,0.0
2025-10-04 17:00:00,21.7,1.04,295.2,64.18,984.0203,0.0
2025-10-04 18:00:00,17.72,1.186,335.2,76.76,984.7727,0.0
2025-10-04 19:00:00,17.07,0.385,324.2,78.88,984.7642,0.0
2025-10-04 20:00:00,16.39,0.531,351.3,81.5,985.2001,0.0
2025-10-04 21:00:00,16.29,0.069,330.6,82.7,985.6131,0.0
2025-10-04 22:00:00,15.75,0.515,336.8,84.1,985.8436,0.0
2025-10-04 23:00:00,15.03,0.039,343.2,86.9,986.0526,0.0
2025-10-05 00:00:00,14.3,0.0,339.8,88.8,985.5695,0.0
2025-10-05 01:00:00,14.77,0.005,342.5,89.3,985.0717,0.0
2025-10-05 02:00:00,14.83,0.009,277.5,88.7,984.2992,0.0
2025-10-05 03:00:00,14.57,0.213,276.3,90.0,984.3501,0.0
2025-10-05 04:00:00,14.71,0.543,307.0,90.8,984.4831,0.0
2025-10-05 05:00:00,14.74,0.85,259.8,90.3,984.8309,0.0
2025-10-05 06:00:00,14.71,0.643,267.7,90.4,985.682,0.0
2025-10-05 07:00:00,15.0,0.331,271.4,89.6,986.391,0.0
2025-10-05 08:00:00,15.81,0.767,259.0,86.6,986.8328,0.0
2025-10-05 09:00:00,17.44,1.298,293.0,80.5,987.0981,0.0
2025-10-05 10:00:00,18.47,1.924,275.3,76.22,987.1379,0.0
2025-10-05 11:00:00,18.9,2.064,277.6,74.75,986.9885,0.0
2025-10-05 12:00:00,18.3,2.222,263.6,75.76,986.7022,0.0
2025-10-05 13:00:00,19.79,1.955,296.0,70.5,985.9955,0.0
2025-10-05 14:00:00,19.86,1.526,265.0,69.73,985.0767,0.0
2025-10-05 15:00:00,18.83,2.235,279.0,72.66,985.2013,0.0
2025-10-05 16:00:00,18.75,1.672,276.1,71.84,984.9707,0.0
2025-10-05 17:00:00,17.35,1.624,266.6,75.78,985.1713,0.0
2025-10-05 18:00:00,16.17,1.081,223.1,80.3,985.564,0.0
2025-10-05 19:00:00,15.88,0.669,260.5,82.0,986.0941,0.0
2025-10-05 20:00:00,15.74,0.639,265.0,82.8,986.6965,0.0
2025-10-05 21:00:00,15.78,0.714,299.6,83.1,986.9647,0.0
2025-10-05 22:00:00,15.64,0.604,313.3,84.2,987.3211,0.0
2025-10-05 23:00:00,15.47,0.957,275.4,85.0,986.7982,0.0
2025-10-06 00:00:00,15.05,1.411,266.0,86.2,986.3192,0.0
2025-10-06 01:00:00,15.0,0.568,285.5,87.2,985.8594,0.0
2025-10-06 02:00:00,14.9,0.604,279.7,88.4,985.2788,0.0
2025-10-06 03:00:00,14.76,0.122,320.4,89.1,984.9965,0.0
2025-10-06 04:00:00,14.75,0.0,248.8,88.5,984.5771,0.0
2025-10-06 05:00:00,14.94,0.0,240.9,87.7,984.5046,0.0
2025-10-06 06:00:00,15.15,0.112,266.7,86.5,984.674,0.0
2025-10-06 07:00:00,15.59,0.822,265.8,84.7,985.0307,0.0
2025-10-06 08:00:00,16.03,0.449,330.2,82.7,985.3292,0.0
2025-10-06 09:00:00,16.43,0.66,277.8,82.5,985.8698,0.0
2025-10-06 10:00:00,16.94,1.264,241.7,81.2,986.1883,0.0
2025-10-06 11:00:00,18.92,1.519,271.9,74.74,985.62,0.0
2025-10-06 12:00:00,19.71,2.663,293.0,71.0,985.0786,0.0
2025-10-06 13:00:00,20.49,2.848,273.9,68.37,984.51,0.0
2025-10-06 14:00:00,20.96,2.577,285.9,66.15,984.1306,0.0
2025-10-06 15:00:00,20.95,2.351,283.6,66.45,983.2717,0.0
2025-10-06 16:00:00,19.82,1.823,306.7,68.83,982.9182,0.0
2025-10-06 17:00:00,18.84,1.129,335.4,71.97,983.1857,0.0
2025-10-06 18:00:00,17.76,1.799,121.0,74.94,983.4167,0.0
2025-10-06 19:00:00,17.08,0.626,94.5,77.13,984.2598,0.0
2025-10-06 20:00:00,16.38,0.017,186.3,78.94,985.2556,0.0
2025-10-06 21:00:00,15.49,0.44,298.8,83.4,985.7037,0.0
2025-10-06 22:00:00,15.29,0.371,304.4,85.8,986.2281,0.0
2025-10-06 23:00:00,15.17,0.499,323.6,86.7,986.2033,0.0
2025-10-07 00:00:00,15.13,0.374,314.0,87.0,985.8314,0.0
2025-10-07 01:00:00,14.95,0.857,252.2,87.9,985.0805,0.0
2025-10-07 02:00:00,14.86,0.084,291.4,88.1,984.6285,0.0
2025-10-07 03:00:00,14.9,0.168,328.9,88.1,984.5823,0.0
2025-10-07 04:00:00,14.85,0.389,272.0,88.7,984.4604,0.0
2025-10-07 05:00:00,14.96,0.368,243.8,88.7,984.988,0.0
2025-10-07 06:00:00,15.1,0.564,293.9,88.5,985.3989,0.0
2025-10-07 07:00:00,14.94,0.273,294.7,90.0,986.3475,0.0
2025-10-07 08:00:00,15.03,0.608,340.6,89.8,986.8494,0.0
2025-10-07 09:00:00,16.04,0.797,346.2,84.1,987.3495,0.0
2025-10-07 10:00:00,17.28,0.149,287.4,78.48,987.1627,0.0
2025-10-07 11:00:00,18.17,0.96,239.9,75.09,986.9537,0.0
2025-10-07 12:00:00,19.0,1.703,326.7,74.16,986.3415,0.0
2025-10-07 13:00:00,20.24,2.191,273.6,70.02,985.5484,0.0
2025-10-07 14:00:00,20.35,2.352,251.0,68.49,984.8531,0.0
2025-10-07 15:00:00,20.22,2.021,270.0,68.44,984.5231,0.0
2025-10-07 16:00:00,19.38,2.397,198.3,71.67,984.4139,0.0
2025-10-07 17:00:00,18.06,1.721,236.6,77.11,984.3918,0.0
2025-10-07 18:00:00,16.66,0.902,274.6,81.4,984.746,0.0
2025-10-07 19:00:00,15.55,0.255,335.3,84.9,985.2881,0.0
2025-10-07 20:00:00,15.12,0.022,309.6,86.7,985.6417,0.0
2025-10-07 21:00:00,14.93,0.0,319.4,87.4,985.9563,0.0
2025-10-07 22:00:00,14.68,0.002,333.8,88.9,986.2753,0.0
2025-10-07 23:00:00,14.46,0.0,336.1,89.6,985.6265,0.0
2025-10-08 00:00:00,14.44,0.007,273.0,90.6,985.6029,0.0
2025-10-08 01:00:00,14.2,0.0,268.3,91.6,985.2656,0.0
2025-10-08 02:00:00,13.7,0.0,258.0,92.4,984.9385,0.0
2025-10-08 03:00:00,14.74,0.0,215.8,90.9,985.0494,0.0
2025-10-08 04:00:00,14.92,0.0,250.6,90.0,985.0298,0.0
2025-10-08 05:00:00,14.93,0.0,257.2,89.1,984.968,0.0
2025-10-08 06:00:00,14.71,0.372,234.6,90.4,985.7163,0.0
2025-10-08 07:00:00,15.02,0.905,313.8,89.4,986.3843,0.0
2025-10-08 08:00:00,15.09,0.658,285.5,89.7,987.1697,0.0
2025-10-08 09:00:00,15.67,0.586,299.5,87.6,987.601,0.0
2025-10-08 10:00:00,16.1,0.535,276.8,86.0,987.6348,0.0
2025-10-08 11:00:00,17.28,1.466,285.8,80.6,987.1518,0.0
2025-10-08 12:00:00,18.1,1.64,284.9,77.84,986.4136,0.0
2025-10-08 13:00:00,18.21,1.821,239.9,77.03,985.7555,0.0
2025-10-08 14:00:00,20.04,1.776,296.5,70.75,984.9677,0.0
2025-10-08 15:00:00,19.41,2.107,290.5,72.78,984.4638,0.0
2025-10-08 16:00:00,18.81,1.452,326.9,74.38,984.2028,0.0
2025-10-08 17:00:00,17.0,1.064,269.7,79.23,984.1608,0.0
2025-10-08 18:00:00,16.21,0.362,271.1,82.3,984.6823,0.0
2025-10-08 19:00:00,15.37,0.047,332.3,85.6,985.4811,0.0
2025-10-08 20:00:00,14.69,0.018,277.4,87.7,985.9354,0.0
2025-10-08 21:00:00,13.64,0.0,29.78,89.2,986.4333,0.0
2025-10-08 22:00:00,13.83,0.0,327.4,90.8,986.679,0.0
2025-10-08 23:00:00,14.11,0.029,319.2,91.1,986.6866,0.0
2025-10-09 00:00:00,13.86,0.004,259.0,91.9,986.5108,0.0
2025-10-09 01:00:00,14.07,0.107,265.8,93.2,986.2582,0.0
2025-10-09 02:00:00,14.3,0.011,280.4,92.6,986.0879,0.0
2025-10-09 03:00:00,14.42,0.005,229.4,92.5,986.0066,0.0
2025-10-09 04:00:00,14.54,0.001,283.6,91.9,985.843,0.0
2025-10-09 05:00:00,14.66,0.0,345.7,91.0,986.2783,0.0
2025-10-09 06:00:00,14.76,0.0,238.8,90.6,986.8006,0.0
2025-10-09 07:00:00,15.36,0.011,259.5,89.2,987.4294,0.0
2025-10-09 08:00:00,15.94,0.068,238.2,86.2,988.0457,0.0
2025-10-09 09:00:00,18.38,1.232,271.8,78.6,988.2818,0.0
2025-10-09 10:00:00,20.26,0.92,300.7,72.63,987.9893,0.0
2025-10-09 11:00:00,21.13,2.001,256.7,68.19,987.3909,0.0
2025-10-09 12:00:00,21.7,2.712,279.2,65.91,986.8969,0.0
2025-10-09 13:00:00,21.51,2.529,273.8,66.44,986.3612,0.0
2025-10-09 14:00:00,21.33,2.643,274.1,67.16,985.6986,0.0
2025-10-09 15:00:00,21.33,2.443,324.8,65.87,985.2571,0.0
2025-10-09 16:00:00,19.97,2.349,305.7,69.56,985.0665,0.0
2025-10-09 17:00:00,19.28,1.268,289.2,71.24,985.2351,0.0
2025-10-09 18:00:00,18.27,0.769,315.5,74.45,985.722,0.0
2025-10-09 19:00:00,17.24,0.392,344.2,78.89,986.2626,0.0
2025-10-09 20:00:00,16.94,0.0,325.8,80.5,986.7224,0.0
2025-10-09 21:00:00,16.42,0.0,333.9,82.4,987.1293,0.0
2025-10-09 22:00:00,15.91,0.0,202.6,84.2,987.3246,0.0
2025-10-09 23:00:00,15.14,0.0,263.0,85.5,987.0047,0.0
2025-10-10 00:00:00,14.58,0.0,338.9,88.5,986.5414,0.0
2025-10-10 01:00:00,15.58,0.04,322.8,87.6,985.9731,0.0
2025-10-10 02:00:00,15.49,0.215,277.0,87.6,985.8229,0.0
2025-10-10 03:00:00,15.36,0.0,311.4,88.5,985.4235,0.0
2025-10-10 04:00:00,15.39,0.0,263.6,88.6,984.9962,0.0
2025-10-10 05:00:00,15.69,0.0,329.3,87.9,985.009,0.0
2025-10-10 06:00:00,15.76,0.0,326.4,88.0,985.561,0.0
2025-10-10 07:00:00,16.59,0.081,293.9,85.2,986.3822,0.0
2025-10-10 08:00:00,17.89,1.111,326.8,81.9,987.0906,0.0
2025-10-10 09:00:00,19.59,1.339,300.9,75.74,987.3854,0.0
2025-10-10 10:00:00,21.06,1.278,320.1,70.3,987.2576,0.0
2025-10-10 11:00:00,22.64,2.302,317.4,65.71,986.7637,0.0
2025-10-10 12:00:00,20.43,3.375,253.9,70.15,986.8773,0.0
2025-10-10 13:00:00,20.78,2.703,300.7,69.98,986.6367,0.0
2025-10-10 14:00:00,20.0,2.732,310.7,72.09,986.222,0.0
2025-10-10 15:00:00,19.89,2.948,256.0,72.53,986.23,0.0
2025-10-10 16:00:00,19.2,1.323,316.8,74.73,985.863,0.0
2025-10-10 17:00:00,18.32,1.314,300.0,77.3,985.9328,0.0
2025-10-10 18:00:00,16.69,0.87,282.3,82.5,986.3741,0.0
2025-10-10 19:00:00,15.68,0.657,322.3,86.6,986.6658,0.0
2025-10-10 20:00:00,15.66,0.081,319.6,87.7,987.1956,0.0
2025-10-10 21:00:00,16.19,0.0,273.7,86.3,987.6877,0.0
2025-10-10 22:00:00,16.15,1.496,104.1,85.9,987.8687,0.0
2025-10-10 23:00:00,16.03,0.374,133.1,86.2,987.3405,0.0
2025-10-11 00:00:00,15.94,1.53,71.41,86.9,986.834,0.0
2025-10-11 01:00:00,16.01,1.003,263.1,87.5,986.2041,0.0
2025-10-11 02:00:00,15.74,0.14,301.5,89.1,985.8356,0.0
2025-10-11 03:00:00,15.7,0.085,316.2,89.4,985.2707,0.0
2025-10-11 04:00:00,15.51,1.375,275.0,89.8,985.1406,0.0
2025-10-11 05:00:00,15.21,0.698,274.1,91.7,985.5079,0.0
2025-10-11 06:00:00,15.31,0.068,316.4,91.4,985.7704,0.0
2025-10-11 07:00:00,15.68,1.204,237.2,89.8,986.2751,0.0
2025-10-11 08:00:00,15.38,1.48,287.5,91.3,986.9639,0.0
2025-10-11 09:00:00,15.57,0.75,316.8,91.3,987.6714,0.0
2025-10-11 10:00:00,16.83,0.806,308.5,85.6,987.4639,0.0
2025-10-11 11:00:00,16.44,0.917,280.2,87.7,987.2443,0.0
2025-10-11 12:00:00,17.87,1.443,269.1,80.6,986.8297,0.0
2025-10-11 13:00:00,18.72,1.768,267.6,77.3,986.2863,0.0
2025-10-11 14:00:00,19.69,2.493,267.9,73.31,985.5218,0.0
2025-10-11 15:00:00,20.17,2.273,250.6,72.39,984.9656,0.0
2025-10-11 16:00:00,20.37,1.853,301.0,71.67,984.8864,0.0
2025-10-11 17:00:00,18.61,1.328,234.5,77.29,984.7403,0.0
2025-10-11 18:00:00,17.11,0.42,323.8,82.3,984.9564,0.0
2025-10-11 19:00:00,15.84,0.378,343.9,88.1,985.6199,0.0
2025-10-11 20:00:00,15.56,0.322,331.9,89.2,986.0986,0.0
2025-10-11 21:00:00,15.23,0.064,325.4,90.3,986.0438,0.0
2025-10-11 22:00:00,15.03,0.003,259.9,91.5,986.2958,0.0
2025-10-11 23:00:00,14.32,0.0,230.8,91.6,986.0908,0.0
2025-10-12 00:00:00,13.51,0.0,230.9,92.0,985.4201,0.0
2025-10-12 01:00:00,13.41,0.0,230.5,92.8,984.6519,0.0
2025-10-12 02:00:00,13.28,0.0,230.5,93.1,984.0911,0.0
2025-10-12 03:00:00,12.85,0.0,29.4,92.9,984.0392,0.0
2025-10-12 04:00:00,12.83,0.0,337.2,93.4,983.8607,0.0
2025-10-12 05:00:00,13.23,0.0,337.2,93.9,984.0845,0.0
2025-10-12 06:00:00,14.7,0.076,262.7,94.2,984.5183,0.0
2025-10-12 07:00:00,14.95,0.017,149.9,94.0,985.1449,0.0
2025-10-12 08:00:00,15.53,0.185,325.4,92.9,985.7479,0.0
2025-10-12 09:00:00,16.7,0.442,274.4,86.8,985.7373,0.0
2025-10-12 10:00:00,17.91,0.801,269.1,82.6,985.8958,0.0
2025-10-12 11:00:00,19.21,1.622,268.8,78.3,985.8563,0.0
2025-10-12 12:00:00,19.86,2.138,268.6,75.37,985.5327,0.0
2025-10-12 13:00:00,20.31,1.918,317.9,72.95,985.0708,0.0
2025-10-12 14:00:00,21.06,1.68,289.3,69.55,984.3021,0.0
2025-10-12 15:00:00,21.42,1.571,318.2,68.37,983.7371,0.0
2025-10-12 16:00:00,21.39,1.355,282.6,67.96,983.6248,0.0
2025-10-12 17:00:00,19.89,1.353,0.696,72.35,983.877,0.0
2025-10-12 18:00:00,17.24,1.153,324.3,81.7,984.5347,0.0
2025-10-12 19:00:00,16.06,0.635,335.2,86.7,985.1666,0.0
2025-10-12 20:00:00,15.87,0.029,340.8,87.8,985.7823,0.0
2025-10-12 21:00:00,15.92,0.073,326.5,88.1,986.1836,0.0
2025-10-12 22:00:00,15.58,0.169,294.2,88.6,986.6292,0.0
2025-10-12 23:00:00,15.5,0.02,330.8,90.0,986.7227,0.0
2025-10-13 00:00:00,15.44,0.037,313.8,90.7,985.8907,0.0
2025-10-13 01:00:00,15.43,0.079,275.4,91.0,985.3807,0.0
2025-10-13 02:00:00,15.53,0.528,262.8,91.2,984.9202,0.0
2025-10-13 03:00:00,15.54,0.411,265.1,91.0,984.5857,0.0
2025-10-13 04:00:00,15.42,0.033,289.0,91.4,984.6759,0.0
2025-10-13 05:00:00,15.43,0.0,332.1,91.6,985.1669,0.0
2025-10-13 06:00:00,15.49,0.146,236.9,91.3,985.5027,0.0
2025-10-13 07:00:00,15.87,0.716,343.6,90.5,986.2333,0.0
2025-10-13 08:00:00,16.29,0.524,278.1,88.6,986.8527,0.0
2025-10-13 09:00:00,17.44,1.035,270.1,83.9,987.0549,0.0
2025-10-13 10:00:00,17.45,1.24,250.5,84.4,986.6866,0.0
2025-10-13 11:00:00,19.66,1.935,317.8,76.37,986.1539,0.0
2025-10-13 12:00:00,20.18,2.077,273.1,73.69,985.5837,0.0
2025-10-13 13:00:00,21.16,2.152,290.3,69.72,984.6707,0.0
2025-10-13 14:00:00,21.55,2.215,295.7,67.72,983.8139,0.0
2025-10-13 15:00:00,22.31,2.475,284.9,64.9,983.4435,0.0
2025-10-13 16:00:00,21.99,1.43,311.6,65.62,983.3723,0.0
2025-10-13 17:00:00,20.11,1.522,304.6,71.13,983.5264,0.0
2025-10-13 18:00:00,17.66,0.921,322.7,79.87,984.0807,0.0
2025-10-13 19:00:00,16.5,0.446,352.2,85.2,984.7202,0.0
2025-10-13 20:00:00,16.38,0.023,2.084,86.0,985.0942,0.0
2025-10-13 21:00:00,15.82,0.0,308.2,86.7,985.3439,0.0
2025-10-13 22:00:00,15.58,0.004,333.3,89.0,985.7119,0.0
2025-10-13 23:00:00,14.77,0.0,350.4,89.2,985.3687,0.0
2025-10-14 00:00:00,14.2,0.0,235.2,91.0,985.0227,0.0
2025-10-14 01:00:00,14.22,0.0,299.0,91.6,984.5117,0.0
2025-10-14 02:00:00,13.77,0.0,6.348,91.9,984.126,0.0
2025-10-14 03:00:00,13.32,0.0,6.276,92.7,983.4955,0.0
2025-10-14 04:00:00,13.66,0.0,342.6,93.7,983.7239,0.0
2025-10-14 05:00:00,15.03,0.165,318.6,93.8,984.3938,0.0
2025-10-14 06:00:00,14.83,0.183,269.2,94.0,985.3065,0.0
2025-10-14 07:00:00,14.66,0.904,277.9,94.9,985.9864,0.0
2025-10-14 08:00:00,14.96,0.066,270.4,95.1,986.602,0.0
2025-10-14 09:00:00,15.43,0.864,286.1,94.5,986.5362,0.0
2025-10-14 10:00:00,17.86,0.469,256.3,84.0,986.2379,0.0
2025-10-14 11:00:00,20.42,1.058,283.3,73.01,985.7754,0.0
2025-10-14 12:00:00,22.83,1.503,298.7,64.73,984.8777,0.0
2025-10-14 13:00:00,22.63,2.406,257.2,64.8,984.2384,0.0
2025-10-14 14:00:00,22.37,2.162,257.4,64.73,983.5127,0.0
2025-10-14 15:00:00,22.28,2.103,331.2,64.54,983.1086,0.0
2025-10-14 16:00:00,20.96,1.482,289.1,68.31,983.17,0.0
2025-10-14 17:00:00,19.98,0.809,326.2,71.35,983.5099,0.0
2025-10-14 18:00:00,17.65,0.79,326.2,79.03,984.2169,0.0
2025-10-14 19:00:00,16.56,0.0,130.0,82.9,984.8069,0.0
2025-10-14 20:00:00,17.03,0.973,123.9,82.3,985.2831,0.0
2025-10-14 21:00:00,17.05,0.199,199.4,82.3,985.7614,0.0
2025-10-14 22:00:00,17.01,0.903,232.6,82.8,986.2919,0.0
2025-10-14 23:00:00,16.16,0.662,278.4,86.6,986.1136,0.0
2025-10-15 00:00:00,16.24,0.537,277.6,86.6,985.4536,0.0
2025-10-15 01:00:00,16.04,0.466,305.5,87.5,985.1389,0.0
2025-10-15 02:00:00,16.02,0.734,270.9,87.7,984.673,0.0
2025-10-15 03:00:00,15.79,0.384,284.5,89.1,984.2732,0.0
2025-10-15 04:00:00,15.76,0.499,273.9,89.3,984.3241,0.0
2025-10-15 05:00:00,15.63,0.489,273.3,90.2,984.9453,0.0
2025-10-15 06:00:00,15.32,0.428,294.3,91.3,985.2865,0.0
2025-10-15 07:00:00,15.42,0.983,293.4,91.6,985.8879,0.0
2025-10-15 08:00:00,16.0,0.944,309.0,89.6,986.3373,0.0
2025-10-15 09:00:00,16.46,1.065,284.8,87.2,986.7865,0.0
2025-10-15 10:00:00,16.4,1.946,248.3,86.0,986.6421,0.0
2025-10-15 11:00:00,16.79,2.181,293.3,83.7,986.6392,0.0
2025-10-15 12:00:00,18.46,2.036,323.1,77.75,985.8126,0.0
2025-10-15 13:00:00,18.66,1.821,242.2,76.98,985.3877,0.0
2025-10-15 14:00:00,19.19,2.753,262.9,75.43,984.5588,0.0
2025-10-15 15:00:00,18.48,2.22,210.3,77.79,983.8488,0.0
2025-10-15 16:00:00,17.81,1.373,275.0,80.0,983.5604,0.0
2025-10-15 17:00:00,17.31,1.41,256.2,82.0,983.6108,0.0
2025-10-15 18:00:00,17.04,0.335,257.9,82.7,983.9399,0.0
2025-10-15 19:00:00,16.81,0.505,160.0,83.2,984.2798,0.0
2025-10-15 20:00:00,16.29,0.158,335.8,85.3,984.8439,0.0
2025-10-15 21:00:00,16.47,0.172,181.5,85.1,985.1801,0.0
2025-10-15 22:00:00,16.36,0.98,67.04,85.7,985.1482,0.0
2025-10-15 23:00:00,16.34,0.232,261.9,85.6,985.1148,0.0
2025-10-16 00:00:00,16.13,0.886,275.5,86.5,984.8996,0.0
2025-10-16 01:00:00,16.03,0.047,269.2,87.2,984.7336,0.0
2025-10-16 02:00:00,15.93,0.947,270.8,87.3,983.9918,0.0
2025-10-16 03:00:00,15.81,0.606,278.6,87.8,983.5071,0.0
2025-10-16 04:00:00,15.93,0.288,324.1,87.0,983.7744,0.0
2025-10-16 05:00:00,15.6,0.556,246.0,88.8,984.2899,0.0
2025-10-16 06:00:00,15.54,0.927,302.1,89.4,984.924,0.0
2025-10-16 07:00:00,15.67,0.473,283.8,88.6,985.5612,0.0
2025-10-16 08:00:00,16.04,0.441,324.5,88.1,986.0562,0.0
2025-10-16 09:00:00,16.33,1.187,275.7,86.2,986.1471,0.0
2025-10-16 10:00:00,17.15,1.453,321.6,81.9,985.9221,0.0
2025-10-16 11:00:00,18.27,1.407,259.2,76.74,985.5939,0.0
2025-10-16 12:00:00,18.41,2.168,260.4,74.82,985.1315,0.0
2025-10-16 13:00:00,20.32,2.204,281.9,68.68,984.1663,0.0
2025-10-16 14:00:00,21.37,2.54,301.4,65.43,983.3393,0.0
2025-10-16 15:00:00,20.57,2.586,282.3,66.89,983.0082,0.0
2025-10-16 16:00:00,20.1,2.417,281.6,68.5,982.8555,0.0
2025-10-16 17:00:00,19.03,2.222,279.5,70.76,982.8896,0.0
2025-10-16 18:00:00,17.1,1.661,282.8,78.14,983.7396,0.0
2025-10-16 19:00:00,16.39,0.788,287.3,81.6,984.4499,0.0
2025-10-16 20:00:00,16.36,0.085,281.6,81.8,984.9188,0.0
2025-10-16 21:00:00,16.51,0.247,309.2,81.3,985.0065,0.0
2025-10-16 22:00:00,16.54,0.123,309.5,81.1,985.3033,0.0
2025-10-16 23:00:00,16.53,0.44,264.5,81.2,985.2791,0.0
2025-10-17 00:00:00,16.58,0.175,257.5,81.2,984.7823,0.0
2025-10-17 01:00:00,16.41,0.548,246.4,82.2,984.2161,0.0
2025-10-17 02:00:00,16.19,1.037,244.0,83.2,983.8644,0.0
2025-10-17 03:00:00,16.0,0.709,193.2,84.5,983.8472,0.0
2025-10-17 04:00:00,15.92,0.854,226.6,84.1,983.8473,0.0
2025-10-17 05:00:00,15.61,0.799,194.4,86.4,984.2761,0.0
2025-10-17 06:00:00,15.65,0.842,177.6,86.0,984.632,0.0
2025-10-17 07:00:00,15.91,0.727,243.1,84.8,985.4068,0.0
2025-10-17 08:00:00,16.53,1.027,283.4,82.9,986.1332,0.0
2025-10-17 09:00:00,17.13,0.99,257.4,80.3,986.1638,0.0
2025-10-17 10:00:00,17.84,0.586,201.9,77.53,986.0038,0.0
2025-10-17 11:00:00,18.54,2.187,209.9,74.87,985.8805,0.0
2025-10-17 12:00:00,19.87,2.03,278.6,70.15,985.6395,0.0
2025-10-17 13:00:00,20.37,2.29,237.3,68.63,984.9083,0.0
2025-10-17 14:00:00,20.46,3.024,265.0,67.63,984.0438,0.0
2025-10-17 15:00:00,19.28,3.315,271.0,72.08,984.049,0.0
2025-10-17 16:00:00,18.12,2.883,267.8,75.54,983.8197,0.0
2025-10-17 17:00:00,17.42,2.046,279.8,76.5,984.1981,0.0
2025-10-17 18:00:00,16.83,1.75,282.5,79.63,984.6063,0.0
2025-10-17 19:00:00,16.7,0.923,221.8,80.6,985.3605,0.0
2025-10-17 20:00:00,16.64,0.593,272.0,81.9,985.5995,0.0
2025-10-17 21:00:00,16.61,0.294,270.0,82.2,985.627,0.0
2025-10-17 22:00:00,16.56,0.443,259.6,82.4,985.7811,0.0
2025-10-17 23:00:00,16.2,0.003,276.6,83.5,985.3381,0.0
2025-10-18 00:00:00,15.52,0.0,276.5,84.1,984.7695,0.0
2025-10-18 01:00:00,15.97,0.0,354.1,85.4,984.0008,0.0
2025-10-18 02:00:00,16.16,1.021,115.8,83.0,983.3121,0.0
2025-10-18 03:00:00,15.46,0.0,57.93,84.1,982.9691,0.0
2025-10-18 04:00:00,14.63,0.0,309.8,88.5,983.1328,0.0
2025-10-18 05:00:00,14.95,0.0,161.2,88.0,983.5731,0.0
2025-10-18 06:00:00,15.9,1.041,70.74,85.0,984.0598,0.0
2025-10-18 07:00:00,16.57,0.234,124.1,82.7,984.9506,0.0
2025-10-18 08:00:00,17.63,1.013,252.3,78.69,985.5489,0.0
2025-10-18 09:00:00,19.14,1.403,241.4,74.66,985.7168,0.0
2025-10-18 10:00:00,19.68,2.028,269.6,73.55,985.6342,0.0
2025-10-18 11:00:00,20.82,2.125,262.7,69.18,985.2816,0.0
2025-10-18 12:00:00,22.24,2.285,323.7,63.91,985.065,0.0
2025-10-18 13:00:00,21.66,2.64,284.2,62.91,984.5894,0.0
2025-10-18 14:00:00,21.76,2.028,281.4,65.29,984.1832,0.0
